,0
0,Death Note
1,Shingeki no Kyojin
2,Sword Art Online
3,Angel Beats!
4,One Punch Man
5,Code Geass: Hangyaku no Lelouch
6,Toradora!
7,Fullmetal Alchemist: Brotherhood
8,No Game No Life
9,Tokyo Ghoul
10,Sen to Chihiro no Kamikakushi
11,Naruto
12,Kimi no Na wa.
13,Steins;Gate
14,Code Geass: Hangyaku no Lelouch R2
15,Boku no Hero Academia
16,Mirai Nikki
17,Elfen Lied
18,Noragami
19,Highschool of the Dead
20,Another
21,Ao no Exorcist
22,Boku dake ga Inai Machi
23,Ano Hi Mita Hana no Namae wo Bokutachi wa Mada Shiranai.
24,Clannad
25,Re:Zero kara Hajimeru Isekai Seikatsu
26,Sword Art Online II
27,Shingeki no Kyojin Season 2
28,Koe no Katachi
29,Boku no Hero Academia 2nd Season
30,Kono Subarashii Sekai ni Shukufuku wo!
31,Hataraku Maou-sama!
32,Fullmetal Alchemist
33,Bakemonogatari
34,Neon Genesis Evangelion
35,Akame ga Kill!
36,Shigatsu wa Kimi no Uso
37,Tengen Toppa Gurren Lagann
38,Tokyo Ghoul √A
39,Mahou Shoujo Madoka★Magica
40,Howl no Ugoku Shiro
41,Kiseijuu: Sei no Kakuritsu
42,Nanatsu no Taizai
43,Yahari Ore no Seishun Love Comedy wa Machigatteiru.
44,Suzumiya Haruhi no Yuuutsu
45,Durarara!!
46,Fate/Zero
47,Death Parade
48,Clannad: After Story
49,Chuunibyou demo Koi ga Shitai!
50,Mononoke Hime
51,Byousoku 5 Centimeter
52,Dungeon ni Deai wo Motomeru no wa Machigatteiru Darou ka
53,High School DxD
54,K-On!
55,Psycho-Pass
56,Shokugeki no Souma
57,Charlotte
58,Kill la Kill
59,Soul Eater
60,Deadman Wonderland
61,Mob Psycho 100
62,Hunter x Hunter (2011)
63,Cowboy Bebop
64,Fate/Zero 2nd Season
65,Noragami Aragoto
66,Kimetsu no Yaiba
67,Ouran Koukou Host Club
68,Overlord
69,Toki wo Kakeru Shoujo
70,Sakura-sou no Pet na Kanojo
71,Kono Subarashii Sekai ni Shukufuku wo! 2
72,Ansatsu Kyoushitsu
73,Kaichou wa Maid-sama!
74,Boku no Hero Academia 3rd Season
75,Guilty Crown
76,Fate/stay night
77,Dragon Ball Z
78,Haikyuu!!
79,Zero no Tsukaima
80,Shingeki no Kyojin Season 3
81,Tonari no Totoro
82,Tonari no Kaibutsu-kun
83,Nisekoi
84,Ore no Imouto ga Konnani Kawaii Wake ga Nai
85,Zankyou no Terror
86,Boku wa Tomodachi ga Sukunai
87,Hyouka
88,Darker than Black: Kuro no Keiyakusha
89,Yahari Ore no Seishun Love Comedy wa Machigatteiru. Zoku
90,Samurai Champloo
91,Kyoukai no Kanata
92,Btooom!
93,Shingeki no Kyojin Season 3 Part 2
94,Yakusoku no Neverland
95,Fairy Tail
96,Nisemonogatari
97,Kuroshitsuji
98,Fate/stay night: Unlimited Blade Works
99,Owari no Seraph
100,Kuroko no Basket
101,Date A Live
102,Log Horizon
103,Black Lagoon
104,School Days
105,Gekkan Shoujo Nozaki-kun
106,Higurashi no Naku Koro ni
107,Shokugeki no Souma: Ni no Sara
108,Ookami to Koushinryou
109,Kotonoha no Niwa
110,FLCL
111,Dragon Ball
112,JoJo no Kimyou na Bouken (TV)
113,Rosario to Vampire
114,ReLIFE
115,High School DxD New
116,Kaguya-sama wa Kokurasetai: Tensai-tachi no Renai Zunousen
117,Neon Genesis Evangelion: The End of Evangelion
118,Danganronpa: Kibou no Gakuen to Zetsubou no Koukousei The Animation
119,Baccano!
120,Bleach
121,Kami nomi zo Shiru Sekai
122,Black Bullet
123,Toaru Majutsu no Index
124,Haikyuu!! Second Season
125,Magi: The Labyrinth of Magic
126,Violet Evergarden
127,Seishun Buta Yarou wa Bunny Girl Senpai no Yume wo Minai
128,Baka to Test to Shoukanjuu
129,Kokoro Connect
130,Kobayashi-san Chi no Maid Dragon
131,Kore wa Zombie Desu ka?
132,Made in Abyss
133,Ookami Kodomo no Ame to Yuki
134,Kimi ni Todoke
135,Prison School
136,Akira
137,Fate/stay night: Unlimited Blade Works 2nd Season
138,Kakegurui
139,Hotarubi no Mori e
140,Mahouka Koukou no Rettousei
141,NHK ni Youkoso!
142,Zero no Tsukaima: Futatsuki no Kishi
143,Suzumiya Haruhi no Yuuutsu (2009)
144,Danshi Koukousei no Nichijou
145,Ansatsu Kyoushitsu 2nd Season
146,Golden Time
147,Darling in the FranXX
148,Tate no Yuusha no Nariagari
149,Vampire Knight
150,Naruto: Shippuuden
151,Summer Wars
152,One Punch Man 2nd Season
153,Suzumiya Haruhi no Shoushitsu
154,Hellsing
155,"Gate: Jieitai Kanochi nite, Kaku Tatakaeri"
156,Lucky☆Star
157,IS: Infinite Stratos
158,Shakugan no Shana
159,K
160,K-On!!
161,Accel World
162,Claymore
163,Boku wa Tomodachi ga Sukunai Next
164,Higashi no Eden
165,Mob Psycho 100 II
166,Haikyuu!!: Karasuno Koukou vs. Shiratorizawa Gakuen Koukou
167,Hotaru no Haka
168,Kuroko no Basket 2nd Season
169,Nekomonogatari: Kuro
170,Chuunibyou demo Koi ga Shitai! Ren
171,Rakudai Kishi no Cavalry
172,Steins;Gate: Oukoubakko no Poriomania
173,Koukaku Kidoutai
174,Dr. Stone
175,Yamada-kun to 7-nin no Majo (TV)
176,JoJo no Kimyou na Bouken Part 3: Stardust Crusaders
177,Sankarea
178,Barakamon
179,Koutetsujou no Kabaneri
180,Black Lagoon: The Second Barrage
181,Amagi Brilliant Park
182,Bungou Stray Dogs
183,Kiss x Sis (TV)
184,Zero no Tsukaima: Princesses no Rondo
185,Great Teacher Onizuka
186,Overlord II
187,Steins;Gate Movie: Fuka Ryouiki no Déjà vu
188,"Clannad: Mou Hitotsu no Sekai, Tomoyo-hen"
189,Watashi ga Motenai no wa Dou Kangaetemo Omaera ga Warui!
190,Blood Lad
191,Ao Haru Ride
192,Goblin Slayer
193,Tensei shitara Slime Datta Ken
194,Shokugeki no Souma: San no Sara
195,Full Metal Panic!
196,To LOVE-Ru
197,Trinity Seven
198,Shimoneta to Iu Gainen ga Sonzai Shinai Taikutsu na Sekai
199,Nisekoi:
200,Dragon Ball GT
201,Free!
202,Chobits
203,Bakuman.
204,Ore no Imouto ga Konnani Kawaii Wake ga Nai.
205,Plastic Memories
206,Boku no Hero Academia 4th Season
207,Magi: The Kingdom of Magic
208,Monogatari Series: Second Season
209,Trigun
210,Youkoso Jitsuryoku Shijou Shugi no Kyoushitsu e (TV)
211,Youjo Senki
212,Kami nomi zo Shiru Sekai II
213,Owari no Seraph: Nagoya Kessen-hen
214,Pokemon
215,Majo no Takkyuubin
216,High School DxD BorN
217,Sukitte Ii na yo.
218,JoJo no Kimyou na Bouken Part 3: Stardust Crusaders 2nd Season
219,Mondaiji-tachi ga Isekai kara Kuru Sou Desu yo?
220,Evangelion: 1.0 You Are (Not) Alone
221,Lovely★Complex
222,Higurashi no Naku Koro ni Kai
223,Ookami to Koushinryou II
224,Usagi Drop
225,Psycho-Pass 2
226,Nanatsu no Taizai: Imashime no Fukkatsu
227,Masamune-kun no Revenge
228,Ichiban Ushiro no Daimaou
229,Mayo Chiki!
230,Rosario to Vampire Capu2
231,Fullmetal Alchemist: The Conqueror of Shamballa
232,Hai to Gensou no Grimgar
233,Date A Live II
234,Hellsing Ultimate
235,Shiki
236,Kara no Kyoukai 1: Fukan Fuukei
237,Toaru Kagaku no Railgun
238,Monster Musume no Iru Nichijou
239,Darker than Black: Ryuusei no Gemini
240,Sword Art Online Movie: Ordinal Scale
241,Devilman: Crybaby
242,Rokka no Yuusha
243,Aldnoah.Zero
244,Akatsuki no Yona
245,Kekkai Sensen
246,Fruits Basket
247,Eromanga-sensei
248,"Gate: Jieitai Kanochi nite, Kaku Tatakaeri 2nd Season"
249,Seitokai Yakuindomo
250,Sora no Otoshimono
251,Working!!
252,Hentai Ouji to Warawanai Neko.
253,Tenkuu no Shiro Laputa
254,Overlord III
255,Shinsekai yori
256,Sakamoto Desu ga?
257,Himouto! Umaru-chan
258,Vampire Knight: Guilty
259,Paprika
260,Evangelion: 2.0 You Can (Not) Advance
261,Kuroko no Basket 3rd Season
262,B-gata H-kei
263,Kuroshitsuji II
264,"Clannad: After Story - Mou Hitotsu no Sekai, Kyou-hen"
265,"Yosuga no Sora: In Solitude, Where We Are Least Alone."
266,Yuri!!! on Ice
267,Nichijou
268,Kiznaiver
269,Gake no Ue no Ponyo
270,Kaguya-sama wa Kokurasetai?: Tensai-tachi no Renai Zunousen
271,Zetsuen no Tempest
272,Perfect Blue
273,Toaru Majutsu no Index II
274,Kimi ni Todoke 2nd Season
275,Log Horizon 2nd Season
276,JoJo no Kimyou na Bouken Part 4: Diamond wa Kudakenai
277,Grisaia no Kajitsu
278,Saenai Heroine no Sodatekata
279,Gosick
280,No Game No Life: Zero
281,Baka to Test to Shoukanjuu Ni!
282,Gakusen Toshi Asterisk
283,Strike the Blood
284,Tsurezure Children
285,Kore wa Zombie Desu ka? of the Dead
286,Tokyo Ghoul:re
287,Bleach Movie 1: Memories of Nobody
288,Mushishi
289,Shinmai Maou no Testament
290,Highschool of the Dead: Drifters of the Dead
291,Sword Art Online: Alicization
292,Ore no Kanojo to Osananajimi ga Shuraba Sugiru
293,Digimon Adventure
294,Durarara!!x2 Shou
295,Kaze no Stigma
296,Kenpuu Denki Berserk
297,Inu x Boku SS
298,Shakugan no Shana II (Second)
299,Wotaku ni Koi wa Muzukashii
300,Rokudenashi Majutsu Koushi to Akashic Records
301,Final Fantasy VII: Advent Children
302,Mirai Nikki: Redial
303,Serial Experiments Lain
304,Full Metal Panic? Fumoffu
305,Air
306,InuYasha
307,"Ore no Nounai Sentakushi ga, Gakuen Love Comedy wo Zenryoku de Jama Shiteiru"
308,Shelter
309,Kaze no Tani no Nausicaä
310,Sekirei
311,D.Gray-man
312,Zero no Tsukaima F
313,Ergo Proxy
314,ChäoS;HEAd
315,Orange
316,Shokugeki no Souma: San no Sara - Tootsuki Ressha-hen
317,Angel Beats!: Another Epilogue
318,Natsume Yuujinchou
319,Kara no Kyoukai 2: Satsujin Kousatsu (Zen)
320,Ao no Exorcist: Kyoto Fujouou-hen
321,Gamers!
322,Absolute Duo
323,Vinland Saga
324,Dororo
325,Nanatsu no Taizai: Seisen no Shirushi
326,Kamisama Hajimemashita
327,Gangsta.
328,Bungou Stray Dogs 2nd Season
329,Nagi no Asu kara
330,Tasogare Otome x Amnesia
331,Bakuman. 2nd Season
332,Kuzu no Honkai
333,Ore Monogatari!!
334,Fate/stay night: Unlimited Blade Works Prologue
335,Love Live! School Idol Project
336,Akagami no Shirayuki-hime
337,Hidan no Aria
338,Re:Zero kara Hajimeru Isekai Seikatsu 2nd Season
339,Naruto Movie 1: Dai Katsugeki!! Yuki Hime Shinobu Houjou Dattebayo!
340,Blend S
341,Hanamonogatari
342,Fairy Tail (2014)
343,Gintama
344,Special A
345,Saiki Kusuo no Ψ-nan
346,Kokoro Connect: Michi Random
347,Pokemon Movie 01: Mewtwo no Gyakushuu
348,Tsukimonogatari
349,Kami no Tou
350,Ajin
351,Danna ga Nani wo Itteiru ka Wakaranai Ken
352,Kizumonogatari I: Tekketsu-hen
353,Black★Rock Shooter (OVA)
354,Kara no Kyoukai 3: Tsuukaku Zanryuu
355,Black★Rock Shooter (TV)
356,Kanon (2006)
357,Bokura wa Minna Kawai-sou
358,D-Frag!
359,Ano Natsu de Matteru
360,Netoge no Yome wa Onnanoko ja Nai to Omotta?
361,Full Metal Panic! The Second Raid
362,Cowboy Bebop: Tengoku no Tobira
363,Maoyuu Maou Yuusha
364,Kami nomi zo Shiru Sekai: Megami-hen
365,Bleach Movie 2: The DiamondDust Rebellion - Mou Hitotsu no Hyourinmaru
366,Mahou Shoujo Madoka★Magica Movie 3: Hangyaku no Monogatari
367,Sword Art Online: Extra Edition
368,"Dakara Boku wa, H ga Dekinai."
369,Little Witch Academia
370,Kono Subarashii Sekai ni Shukufuku wo!: Kono Subarashii Choker ni Shukufuku wo!
371,Enen no Shouboutai
372,Mekakucity Actors
373,Pandora Hearts
374,Air Gear
375,91 Days
376,The Last: Naruto the Movie
377,"Elfen Lied: Tooriame nite Arui wa, Shoujo wa Ikani Shite Sono Shinjou ni Itatta ka? - Regenschauer"
378,Koukyoushihen Eureka Seven
379,Golden Boy
380,5-toubun no Hanayome
381,School Rumble
382,Yuu☆Yuu☆Hakusho
383,Inuyashiki
384,Monster
385,Katanagatari
386,Net-juu no Susume
387,Cardcaptor Sakura
388,Motto To LOVE-Ru
389,Arakawa Under the Bridge
390,Ore no Imouto ga Konnani Kawaii Wake ga Nai Specials
391,Isekai Maou to Shoukan Shoujo no Dorei Majutsu
392,Rurouni Kenshin: Meiji Kenkaku Romantan
393,Nyan Koi!
394,Stranger: Mukou Hadan
395,Hagure Yuusha no Aesthetica
396,Dungeon ni Deai wo Motomeru no wa Machigatteiru Darou ka II
397,Steins;Gate 0
398,Beastars
399,Tenki no Ko
400,Beelzebub
401,Suisei no Gargantia
402,Kara no Kyoukai 4: Garan no Dou
403,Drifters
404,Sayonara Zetsubou Sensei
405,Gakkougurashi!
406,Campione!: Matsurowanu Kamigami to Kamigoroshi no Maou
407,C: The Money of Soul and Possibility Control
408,Shingeki no Kyojin OVA
409,Devil May Cry
410,Love Hina
411,Sora no Otoshimono: Forte
412,Musaigen no Phantom World
413,Mahoutsukai no Yome
414,Working'!!
415,Grand Blue
416,Shingeki no Kyojin: Kuinaki Sentaku
417,K-On! Movie
418,Freezing
419,Ookami Shoujo to Kuro Ouji
420,Bakuman. 3rd Season
421,Kämpfer
422,Kizumonogatari II: Nekketsu-hen
423,Nana
424,Shaman King
425,Outbreak Company
426,Kara no Kyoukai 5: Mujun Rasen
427,3-gatsu no Lion
428,Corpse Party: Tortured Souls - Bougyakusareta Tamashii no Jukyou
429,IS: Infinite Stratos 2
430,Aldnoah.Zero 2nd Season
431,Tokyo Ravens
432,Chihayafuru
433,Kono Subarashii Sekai ni Shukufuku wo!: Kurenai Densetsu
434,Shuffle!
435,Naruto: Shippuuden Movie 1
436,Gantz
437,Ben-To
438,Owarimonogatari
439,Mikakunin de Shinkoukei
440,Ookami-san to Shichinin no Nakama-tachi
441,Kimi no Suizou wo Tabetai
442,Katekyo Hitman Reborn!
443,Sakamichi no Apollon
444,ef: A Tale of Memories.
445,Hitsugi no Chaika
446,Gokukoku no Brynhildr
447,Durarara!!x2 Ten
448,Bakemono no Ko
449,Amagami SS
450,Grisaia no Rakuen
451,Aho Girl
452,Darker than Black: Kuro no Keiyakusha Gaiden
453,Yu☆Gi☆Oh! Duel Monsters
454,Baccano! Specials
455,Little Witch Academia (TV)
456,Inou-Battle wa Nichijou-kei no Naka de
457,Hibike! Euphonium
458,Redline
459,No.6
460,Seto no Hanayome
461,One Punch Man: Road to Hero
462,Shingeki no Bahamut: Genesis
463,To LOVE-Ru Darkness
464,Death Billiards
465,Gabriel DropOut
466,Boruto: Naruto the Movie
467,Nodame Cantabile
468,Yahari Ore no Seishun Love Comedy wa Machigatteiru. OVA
469,Azumanga Daioh
470,Boku no Hero Academia the Movie 1: Futari no Hero
471,Karigurashi no Arrietty
472,JoJo no Kimyou na Bouken Part 5: Ougon no Kaze
473,Hinamatsuri
474,Evangelion: 3.0 You Can (Not) Redo
475,Kizumonogatari III: Reiketsu-hen
476,Demi-chan wa Kataritai
477,Yuru Yuri
478,Kakegurui××
479,Sword Art Online: Alicization - War of Underworld
480,Bleach Movie 3: Fade to Black - Kimi no Na wo Yobu
481,Afro Samurai
482,Noragami OVA
483,Hunter x Hunter
484,Denpa Onna to Seishun Otoko
485,Toaru Kagaku no Railgun S
486,New Game!
487,Panty & Stocking with Garterbelt
488,MM!
489,Kotoura-san
490,Blood+
491,Koukaku Kidoutai: Stand Alone Complex
492,Zoku Natsume Yuujinchou
493,Bishoujo Senshi Sailor Moon
494,God Eater
495,Hajime no Ippo
496,Haiyore! Nyaruko-san
497,Bokusatsu Tenshi Dokuro-chan
498,Mimi wo Sumaseba
499,Gintama'
500,Gakusen Toshi Asterisk 2nd Season
501,Rurouni Kenshin: Meiji Kenkaku Romantan - Tsuioku-hen
502,Isshuukan Friends.
503,Neko no Ongaeshi
504,Sword Art Online Alternative: Gun Gale Online
505,Non Non Biyori
506,Oda Nobuna no Yabou
507,Machine-Doll wa Kizutsukanai
508,Shinchou Yuusha: Kono Yuusha ga Ore Tueee Kuse ni Shinchou Sugiru
509,Domestic na Kanojo
510,Tsuki ga Kirei
511,Haikyuu!!: To the Top
512,Free!: Eternal Summer
513,Fate/stay night Movie: Unlimited Blade Works
514,Kara no Kyoukai 6: Boukyaku Rokuon
515,Hataraku Saibou (TV)
516,Itazura na Kiss
517,Naruto Movie 2: Dai Gekitotsu! Maboroshi no Chiteiiseki Dattebayo!
518,True Tears
519,Skip Beat!
520,Hanasaku Iroha
521,Durarara!! Specials
522,Jigoku Shoujo
523,Tamako Market
524,Isekai wa Smartphone to Tomo ni.
525,Pokemon Movie 02: Maboroshi no Pokemon Lugia Bakutan
526,Another: The Other - Inga
527,Naruto: Shippuuden Movie 2 - Kizuna
528,Beck
529,"Kanojo, Okarishimasu"
530,Death March kara Hajimaru Isekai Kyousoukyoku
531,Jormungand
532,Dagashi Kashi
533,Dragon Ball Super
534,Seireitsukai no Blade Dance
535,Kanokon
536,Kara no Kyoukai 7: Satsujin Kousatsu (Go)
537,Digimon Adventure 02
538,Detroit Metal City
539,The God of High School
540,Tokyo Magnitude 8.0
541,Black Lagoon: Roberta's Blood Trail
542,Hajimete no Gal
543,K-On!: Live House!
544,Chuunibyou demo Koi ga Shitai!: Kirameki no... Slapstick Noel
545,Gin no Saji
546,11eyes
547,Angel Beats! Specials
548,Asu no Yoichi!
549,Mangaka-san to Assistant-san to The Animation
550,Ga-Rei: Zero
551,Higashi no Eden Movie I: The King of Eden
552,Myself; Yourself
553,Black Cat (TV)
554,Tanaka-kun wa Itsumo Kedaruge
555,xxxHOLiC
556,Durarara!!x2 Ketsu
557,Mousou Dairinin
558,Sekirei: Pure Engagement
559,Karakai Jouzu no Takagi-san
560,Acchi Kocchi (TV)
561,Rozen Maiden
562,Naruto Movie 3: Dai Koufun! Mikazuki Jima no Animaru Panikku Dattebayo!
563,Shijou Saikyou no Deshi Kenichi
564,Madan no Ou to Vanadis
565,Seishun Buta Yarou wa Yumemiru Shoujo no Yume wo Minai
566,Omamori Himari
567,Lucky☆Star: Original na Visual to Animation
568,Tokyo Ghoul:re 2nd Season
569,Naruto: Shippuuden Movie 6 - Road to Ninja
570,Megalo Box
571,Love Live! School Idol Project 2nd Season
572,Phantom: Requiem for the Phantom
573,Densetsu no Yuusha no Densetsu
574,Chrno Crusade
575,"Kumo no Mukou, Yakusoku no Basho"
576,Code:Breaker
577,Higurashi no Naku Koro ni Rei
578,Wolf's Rain
579,Princess Lover!
580,Sora yori mo Tooi Basho
581,Hoshi no Koe
582,Tokyo Godfathers
583,Binbougami ga!
584,Arslan Senki (TV)
585,Clannad Movie
586,Onegai☆Teacher
587,Shokugeki no Souma: Shin no Sara
588,Pokemon: The Origin
589,"Maou Gakuin no Futekigousha: Shijou Saikyou no Maou no Shiso, Tensei shite Shison-tachi no Gakkou e"
590,Pokemon Movie 03: Kesshoutou no Teiou Entei
591,Ookami to Koushinryou II: Ookami to Kohakuiro no Yuuutsu
592,High School DxD OVA
593,Oniichan dakedo Ai sae Areba Kankeinai yo ne!
594,Kono Subarashii Sekai ni Shukufuku wo! 2: Kono Subarashii Geijutsu ni Shukufuku wo!
595,Mawaru Penguindrum
596,Witch Craft Works
597,Mobile Suit Gundam 00
598,Neon Genesis Evangelion: Death & Rebirth
599,Shirobako
600,Mirai Nikki OVA
601,Papa no Iukoto wo Kikinasai!
602,Dance in the Vampire Bund
603,Ao no Exorcist Movie
604,Yuusha ni Narenakatta Ore wa Shibushibu Shuushoku wo Ketsui Shimashita.
605,Saiki Kusuo no Ψ-nan 2
606,Natsume Yuujinchou San
607,Hyouka: Motsubeki Mono wa
608,Kamisama no Memochou
609,Grisaia no Meikyuu: Caprice no Mayu 0
610,Kuroshitsuji: Book of Circus
611,Shinmai Maou no Testament Burst
612,Darker than Black: Kuro no Keiyakusha - Sakura no Hana no Mankai no Shita
613,Magi: Sinbad no Bouken (TV)
614,Danna ga Nani wo Itteiru ka Wakaranai Ken 2 Sure-me
615,Okusama ga Seitokaichou!
616,Shuumatsu Nani Shitemasu ka? Isogashii Desu ka? Sukutte Moratte Ii Desu ka?
617,One Piece Film: Strong World
618,Ore no Imouto ga Konnani Kawaii Wake ga Nai. Specials
619,Fate/Apocrypha
620,Citrus
621,Dimension W
622,Junjou Romantica
623,Ping Pong the Animation
624,Ladies versus Butlers!
625,ReLIFE: Kanketsu-hen
626,Kokoro ga Sakebitagatterunda.
627,Rainbow: Nisha Rokubou no Shichinin
628,Akagami no Shirayuki-hime 2nd Season
629,Sakasama no Patema
630,Yuru Camp△
631,Chihayafuru 2
632,Tamako Love Story
633,Keijo!!!!!!!!
634,Gyakkyou Burai Kaiji: Ultimate Survivor
635,School Rumble Ni Gakki
636,Zombieland Saga
637,Kenja no Mago
638,D.N.Angel
639,Maji de Watashi ni Koi Shinasai!
640,To LOVE-Ru OVA
641,Nejimaki Seirei Senki: Tenkyou no Alderamin
642,Midori no Hibi
643,Arifureta Shokugyou de Sekai Saikyou
644,Gintama': Enchousen
645,One Punch Man Specials
646,Toradora!: Bentou no Gokui
647,Shakugan no Shana III (Final)
648,Tsubasa Chronicle
649,Re:Creators
650,Akuma no Riddle
651,Kaze Tachinu
652,Psycho-Pass Movie
653,Ano Hi Mita Hana no Namae wo Bokutachi wa Mada Shiranai. Movie
654,Seitokai no Ichizon
655,Nurarihyon no Mago
656,Canaan
657,Dragon Ball Kai
658,Kurenai no Buta
659,Kuragehime
660,Dragon Ball Z Movie 14: Kami to Kami
661,Naruto: Shippuuden Movie 4 - The Lost Tower
662,Houseki no Kuni (TV)
663,Working!!!
664,Minami-ke
665,Plastic Neesan
666,Busou Shoujo Machiavellianism
667,Karin
668,Yahari Ore no Seishun Love Comedy wa Machigatteiru. Kan
669,Berserk: Ougon Jidai-hen I - Haou no Tamago
670,Akaneiro ni Somaru Saka
671,Gantz 2nd Stage
672,Ajin 2nd Season
673,Kannagi
674,Kiss x Sis
675,Saijaku Muhai no Bahamut
676,Hamatora The Animation
677,Ghost Hunt
678,Asobi Asobase
679,Yojouhan Shinwa Taikei
680,3-gatsu no Lion 2nd Season
681,Maria†Holic
682,Taimadou Gakuen 35 Shiken Shoutai
683,Girls & Panzer
684,Fate/kaleid liner Prisma☆Illya
685,Umineko no Naku Koro ni
686,Persona 4 the Animation
687,Nazo no Kanojo X
688,Isekai Quartet
689,Haibane Renmei
690,Naruto: Shippuuden Movie 3 - Hi no Ishi wo Tsugu Mono
691,Soredemo Sekai wa Utsukushii
692,Seiken Tsukai no World Break
693,Date A Live: Date to Date
694,Little Busters!
695,Blood-C
696,Kill la Kill Specials
697,Maken-Ki!
698,Koi to Uso
699,Saenai Heroine no Sodatekata ♭
700,Hayate no Gotoku!
701,Amnesia
702,Sword Art Online: Alicization - War of Underworld 2nd Season
703,Natsume Yuujinchou Shi
704,Gintama Movie 2: Kanketsu-hen - Yorozuya yo Eien Nare
705,Dungeon ni Deai wo Motomeru no wa Machigatteiru Darou ka Gaiden: Sword Oratoria
706,Genshiken
707,Hetalia Axis Powers
708,High School DxD Specials
709,Kamisama Hajimemashita◎
710,Bleach Movie 4: Jigoku-hen
711,Denpa-teki na Kanojo
712,Yu☆Gi☆Oh!
713,Eve no Jikan
714,Tales of Zestiria the Cross
715,Tenjou Tenge
716,Seitokai Yakuindomo*
717,Gintama°
718,Owarimonogatari 2nd Season
719,Medaka Box
720,Seikon no Qwaser
721,K: Return of Kings
722,Ryuugajou Nanana no Maizoukin (TV)
723,Yuru Yuri♪♪
724,K: Missing Kings
725,Hitsugi no Chaika: Avenging Battle
726,One Piece Film: Z
727,Amaama to Inazuma
728,Fate/stay night Movie: Heaven's Feel - I. Presage Flower
729,Hajime no Ippo: New Challenger
730,Kami nomi zo Shiru Sekai: Tenri-hen
731,Renai Boukun
732,Boku wa Tomodachi ga Sukunai Episode 0
733,Digimon Tamers
734,"Kono Naka ni Hitori, Imouto ga Iru!"
735,07-Ghost
736,Hundred
737,Shingetsutan Tsukihime
738,Itai no wa Iya nano de Bougyoryoku ni Kyokufuri Shitai to Omoimasu.
739,Code Geass: Boukoku no Akito 1 - Yokuryuu wa Maiorita
740,Ore wo Suki nano wa Omae dake ka yo
741,Quanzhi Gaoshou
742,Mahou Shoujo Madoka★Magica Movie 1: Hajimari no Monogatari
743,Kamisama no Inai Nichiyoubi
744,Yahari Ore no Seishun Love Comedy wa Machigatteiru. Zoku OVA
745,Mahoutsukai no Yome: Hoshi Matsu Hito
746,Nodame Cantabile: Paris-hen
747,Higashi no Eden Movie II: Paradise Lost
748,Bokura ga Ita
749,Innocence
750,Watashi ga Motete Dousunda
751,Hachimitsu to Clover
752,Danganronpa 3: The End of Kibougamine Gakuen - Mirai-hen
753,Steins;Gate: Kyoukaimenjou no Missing Link - Divide By Zero
754,Sakura Trick
755,Sidonia no Kishi
756,Chrome Shelled Regios
757,Mayoiga
758,Pupa
759,DearS
760,Initial D First Stage
761,Koi to Senkyo to Chocolate
762,Diabolik Lovers
763,Kekkai Sensen & Beyond
764,Space☆Dandy
765,Fairy Tail Movie 1: Houou no Miko
766,Servant x Service
767,Darwin's Game
768,Dragon Crisis!
769,Naruto: Shippuuden Movie 5 - Blood Prison
770,Baka to Test to Shoukanjuu: Matsuri
771,High School DxD Hero
772,Bokutachi wa Benkyou ga Dekinai
773,Arakawa Under the Bridge x Bridge
774,Kimi ga Nozomu Eien
775,Gin no Saji 2nd Season
776,Pokemon Movie 04: Celebi Toki wo Koeta Deai
777,One Outs
778,Mobile Suit Gundam 00 Second Season
779,Mushishi Zoku Shou
780,Koukaku Kidoutai: Stand Alone Complex 2nd GIG
781,Jormungand: Perfect Order
782,"Dragon Ball Z Movie 08: Moetsukiro!! Nessen, Ressen, Chougekisen"
783,Nogizaka Haruka no Himitsu
784,Mahou Shoujo Madoka★Magica Movie 2: Eien no Monogatari
785,Berserk: Ougon Jidai-hen II - Doldrey Kouryaku
786,Tonari no Seki-kun
787,Bleach: Memories in the Rain
788,"Tokyo Ghoul: ""Jack"""
789,"Ore ga Ojousama Gakkou ni ""Shomin Sample"" Toshite Gets♥Sareta Ken"
790,Fruits Basket 1st Season
791,Hoshizora e Kakaru Hashi
792,Death Note: Rewrite
793,ef: A Tale of Melodies.
794,Kore wa Zombie Desu ka? OVA
795,Flying Witch
796,Deadman Wonderland: Akai Knife Tsukai
797,Pokemon Advanced Generation
798,Danganronpa 3: The End of Kibougamine Gakuen - Zetsubou-hen
799,Mahou Sensou
800,Shinryaku! Ika Musume
801,Asobi ni Iku yo!
802,Hoshi wo Ou Kodomo
803,Rec
804,Yamato Nadeshiko Shichihenge♥
805,Kyoukai no Kanata Movie 2: I'll Be Here - Mirai-hen
806,Omoide no Marnie
807,Bokusatsu Tenshi Dokuro-chan 2
808,Jitsu wa Watashi wa
809,Mobile Suit Gundam SEED
810,Green Green
811,White Album 2
812,Boku wa Tomodachi ga Sukunai: Relay Shousetsu wa Ketsumatsu ga Hanpanai
813,Little Witch Academia: Mahoujikake no Parade
814,Hyakka Ryouran: Samurai Girls
815,Paradise Kiss
816,Otome Game no Hametsu Flag shika Nai Akuyaku Reijou ni Tensei shiteshimatta...
817,Juuni Taisen
818,Satsuriku no Tenshi
819,Kanojo to Kanojo no Neko
820,Bleach: The Sealed Sword Frenzy
821,Berserk: Ougon Jidai-hen III - Kourin
822,Fullmetal Alchemist: The Sacred Star of Milos
823,InuYasha: Kanketsu-hen
824,Junjou Romantica 2
825,Carnival Phantasm
826,Noragami Aragoto OVA
827,Koyomimonogatari
828,Amagami SS+ Plus
829,Sekaiichi Hatsukoi
830,Aa! Megami-sama! (TV)
831,New Game!!
832,Sakurako-san no Ashimoto ni wa Shitai ga Umatteiru
833,Gunslinger Girl
834,Final Fantasy VII: Advent Children Complete
835,Imouto sae Ireba Ii.
836,Sayonara no Asa ni Yakusoku no Hana wo Kazarou
837,Kino no Tabi: The Beautiful World
838,Kono Bijutsubu ni wa Mondai ga Aru!
839,Seiken no Blacksmith
840,Trinity Blood
841,Berserk
842,Zombie-Loan
843,Dog Days
844,Tonikaku Kawaii
845,C³
846,Ishuzoku Reviewers
847,Chuunibyou demo Koi ga Shitai! Lite
848,Bungou Stray Dogs 3rd Season
849,Robotics;Notes
850,Busou Renkin
851,Haikyuu!!: To the Top 2nd Season
852,Arcana Famiglia
853,Haiyore! Nyaruko-san W
854,Fairy Tail OVA
855,Fate/Grand Order: First Order
856,Shugo Chara!
857,Mnemosyne: Mnemosyne no Musume-tachi
858,Love Stage!!
859,Handa-kun
860,Hibike! Euphonium 2
861,Aoharu x Kikanjuu
862,To LOVE-Ru Darkness 2nd
863,Vampire Hunter D (2000)
864,Kakumeiki Valvrave
865,Dorohedoro
866,Fuuka
867,Kantai Collection: KanColle
868,Zero kara Hajimeru Mahou no Sho
869,Uta no☆Prince-sama♪ Maji Love 1000%
870,"Violet Evergarden: Kitto ""Ai"" wo Shiru Hi ga Kuru no Darou"
871,Kami nomi zo Shiru Sekai: 4-nin to Idol
872,Ikkitousen
873,Ballroom e Youkoso
874,Yowamushi Pedal
875,Blood: The Last Vampire
876,Nodame Cantabile: Finale
877,Macross F
878,Ged Senki
879,Dragon Ball Z Movie 05: Tobikkiri no Saikyou tai Saikyou
880,Saenai Heroine no Sodatekata: Ai to Seishun no Service-kai
881,Kuusen Madoushi Kouhosei no Kyoukan
882,Seikoku no Dragonar
883,Rozen Maiden: Träumend
884,Terra Formars
885,Mashiro-iro Symphony: The Color of Lovers
886,.hack//Sign
887,Strike Witches
888,IS: Infinite Stratos Encore - Koi ni Kogareru Rokujuusou
889,Tengen Toppa Gurren Lagann Movie 2: Lagann-hen
890,Rokujouma no Shinryakusha!? (TV)
891,Gochuumon wa Usagi Desu ka?
892,Date A Live II: Kurumi Star Festival
893,Yumekui Merry
894,Nisekoi OVA
895,K-On!!: Keikaku!
896,Aki-Sora
897,Tiger & Bunny
898,Tengen Toppa Gurren Lagann Movie 1: Gurren-hen
899,Non Non Biyori Repeat
900,Dragon Ball Z Movie 12: Fukkatsu no Fusion!! Gokuu to Vegeta
901,Just Because!
902,Banana Fish
903,Dragon Ball Z Movie 03: Chikyuu Marugoto Choukessen
904,Shouwa Genroku Rakugo Shinjuu
905,xxxHOLiC Kei
906,Love Hina Again
907,Devil Survivor 2 The Animation
908,Koi wa Ameagari no You ni
909,Girls Bravo: First Season
910,Gintama Movie 1: Shinyaku Benizakura-hen
911,Final Fantasy: The Spirits Within
912,Bishoujo Senshi Sailor Moon R
913,Sora no Otoshimono: Project Pink
914,Tsumiki no Ie
915,Sennen Joyuu
916,Dragon Ball Z Movie 01: Ora no Gohan wo Kaese!!
917,Colorful (Movie)
918,Hanbun no Tsuki ga Noboru Sora
919,B: The Beginning
920,Nurarihyon no Mago: Sennen Makyou
921,Digimon Adventure Movie
922,Basilisk: Kouga Ninpou Chou
923,Ao no Exorcist: Kuro no Iede
924,Love Lab
925,GJ-bu
926,"Tokyo Ghoul: ""Pinto"""
927,Zoku Sayonara Zetsubou Sensei
928,Dragon Ball Super Movie: Broly
929,Seirei no Moribito
930,Kimi ga Aruji de Shitsuji ga Ore de
931,No Game No Life Specials
932,Initial D Second Stage
933,Little Busters!: Refrain
934,Kyokou Suiri
935,Sora no Otoshimono: Tokeijikake no Angeloid
936,Digimon Frontier
937,Loveless
938,Kareshi Kanojo no Jijou
939,Slam Dunk
940,Charlotte: Tsuyoimono-tachi
941,Nanatsu no Taizai: Kamigami no Gekirin
942,Dragon Ball Z Movie 10: Kiken na Futari! Super Senshi wa Nemurenai
943,Gintama.
944,Corpse Party: Missing Footage
945,Fortune Arterial: Akai Yakusoku
946,Shoujo Shuumatsu Ryokou
947,Fullmetal Alchemist: Brotherhood Specials
948,Astarotte no Omocha!
949,Dragon Ball Z Movie 06: Gekitotsu!! 100-oku Power no Senshi-tachi
950,Fate/kaleid liner Prisma☆Illya 2wei!
951,Tsubasa Chronicle 2nd Season
952,Golden Kamuy
953,"Kobayashi-san Chi no Maid Dragon: Valentine, Soshite Onsen! - Amari Kitai Shinaide Kudasai"
954,Hakuouki
955,Sengoku Basara
956,Kishuku Gakkou no Juliet
957,Jigoku Shoujo Futakomori
958,Ichigo 100%
959,Last Exile
960,Rail Wars!
961,Coquelicot-zaka kara
962,Sankarea OVA
963,Karneval (TV)
964,Mushishi Zoku Shou 2nd Season
965,Mobile Suit Gundam Wing
966,Nabari no Ou
967,Utawarerumono
968,Yu☆Gi☆Oh!: Duel Monsters GX
969,Glasslip
970,Naruto: Takigakure no Shitou - Ore ga Eiyuu Dattebayo!
971,Zero no Tsukaima: Princesses no Rondo - Yuuwaku no Sunahama
972,Eve no Jikan (Movie)
973,Araburu Kisetsu no Otome-domo yo.
974,Hachimitsu to Clover II
975,Danshi Koukousei no Nichijou Specials
976,Romeo x Juliet
977,Kanata no Astra
978,Tari Tari
979,Cardcaptor Sakura Movie 2: Fuuin Sareta Card
980,Gatchaman Crowds
981,Hajime no Ippo: Rising
982,"Saikin, Imouto no Yousu ga Chotto Okashiinda ga."
983,Sousei no Onmyouji
984,Gugure! Kokkuri-san
985,Big Order (TV)
986,"Dragon Ball Z Movie 15: Fukkatsu no ""F"""
987,Nourin
988,Dungeon ni Deai wo Motomeru no wa Machigatteiru Darou ka III
989,Kanojo ga Flag wo Oraretara
990,Sola
991,Akikan!
992,Freezing Vibration
993,Date A Live Movie: Mayuri Judgment
994,Gyakkyou Burai Kaiji: Hakairoku-hen
995,Mahou Sensei Negima!
996,Joker Game
997,Taboo Tattoo
998,Kaichou wa Maid-sama!: Omake dayo!
999,Dumbbell Nan Kilo Moteru?
1000,Mayoi Neko Overrun!
1001,Isekai no Seikishi Monogatari
1002,Dragon Ball Z Movie 02: Kono Yo de Ichiban Tsuyoi Yatsu
1003,Fate/Prototype
1004,Aoi Bungaku Series
1005,Full Metal Panic! The Second Raid: Wari to Hima na Sentaichou no Ichinichi
1006,Hunter x Hunter Movie 1: Phantom Rouge
1007,3D Kanojo: Real Girl
1008,Fate/stay night Movie: Heaven's Feel - II. Lost Butterfly
1009,Ranma ½
1010,Sewayaki Kitsune no Senko-san
1011,Prison School: Mad Wax
1012,Suzumiya Haruhi-chan no Yuuutsu
1013,Onegai☆Twins
1014,Hayate no Gotoku!!
1015,Hunter x Hunter: Greed Island
1016,Goshuushou-sama Ninomiya-kun
1017,Kaguya-hime no Monogatari
1018,Dragon Ball Z Movie 07: Kyokugen Battle!! Sandai Super Saiyajin
1019,Himouto! Umaru-chan R
1020,Pokemon Movie 08: Mew to Hadou no Yuusha Lucario
1021,Brave 10
1022,Re:Zero kara Hajimeru Isekai Seikatsu - Memory Snow
1023,Punch Line
1024,Hal
1025,Shinrei Tantei Yakumo
1026,Jin-Rou
1027,Mai-HiME
1028,Gankutsuou
1029,Gleipnir
1030,Pokemon Movie 05: Mizu no Miyako no Mamorigami Latias to Latios
1031,Kuroko no Basket Movie 4: Last Game
1032,Subete ga F ni Naru
1033,Dantalian no Shoka
1034,Gravitation
1035,Juubee Ninpuuchou
1036,"High School DxD New: Oppai, Tsutsumimasu!"
1037,Medaka Box Abnormal
1038,Un-Go
1039,Toradora!: SOS! Kuishinbou Banbanzai
1040,Jibaku Shounen Hanako-kun
1041,Bishoujo Senshi Sailor Moon S
1042,Code Geass: Boukoku no Akito 2 - Hikisakareshi Yokuryuu
1043,Cencoroll
1044,Trigun: Badlands Rumble
1045,One Piece Movie 1
1046,Dragon Ball Z Movie 04: Super Saiyajin da Son Gokuu
1047,"Kore wa Zombie Desu ka? of the Dead: Hai, Minotake ni Attemasu"
1048,Gekkan Shoujo Nozaki-kun Specials
1049,Tenkuu no Escaflowne
1050,Irozuku Sekai no Ashita kara
1051,Accel World EX
1052,"Kuroshitsuji: Sono Shitsuji, Kougyou"
1053,Dragon Ball Z Movie 13: Ryuuken Bakuhatsu!! Gokuu ga Yaraneba Dare ga Yaru
1054,Kyoukaisenjou no Horizon
1055,Yesterday wo Utatte
1056,Dragon Ball Z Movie 09: Ginga Girigiri!! Bucchigiri no Sugoi Yatsu
1057,Higurashi no Naku Koro ni Special: Nekogoroshi-hen
1058,Dragon Ball Z Movie 11: Super Senshi Gekiha!! Katsu no wa Ore da
1059,Nakitai Watashi wa Neko wo Kaburu
1060,Boku no Hero Academia the Movie 2: Heroes:Rising
1061,Tokyo ESP
1062,Masou Gakuen HxH
1063,So Ra No Wo To
1064,Date A Live III
1065,Blood Lad: Wagahai wa Neko de wa Nai
1066,Pokemon Movie 07: Rekkuu no Houmonsha Deoxys
1067,Nanbaka
1068,Dungeon ni Deai wo Motomeru no wa Machigatteiru Darou ka OVA
1069,Genshiken 2
1070,Kodomo no Jikan (TV)
1071,Initial D Third Stage
1072,Kakushigoto (TV)
1073,Kimi to Boku.
1074,Hajime no Ippo: Champion Road
1075,Shingeki no Kyojin: Ano Hi Kara
1076,Soul Eater NOT!
1077,Tada-kun wa Koi wo Shinai
1078,Kobato.
1079,Toaru Majutsu no Index Movie: Endymion no Kiseki
1080,Mushishi: Hihamukage
1081,Bokutachi wa Benkyou ga Dekinai!
1082,Jinrui wa Suitai Shimashita
1083,Hunter x Hunter: Greed Island Final
1084,Mononoke
1085,Danganronpa 3: The End of Kibougamine Gakuen - Kibou-hen
1086,Kiniro Mosaic
1087,"Inari, Konkon, Koi Iroha."
1088,Knight's & Magic
1089,Cardcaptor Sakura Movie 1
1090,Nande Koko ni Sensei ga!?
1091,Selector Infected WIXOSS
1092,Rewrite
1093,Aoki Hagane no Arpeggio: Ars Nova
1094,SSSS.Gridman
1095,Sekaiichi Hatsukoi 2
1096,Suzuka
1097,Bakuten Shoot Beyblade
1098,Oshiete! Galko-chan
1099,Arslan Senki (TV): Fuujin Ranbu
1100,H2O: Footprints in the Sand
1101,Planetes
1102,Uzaki-chan wa Asobitai!
1103,Break Blade 1: Kakusei no Toki
1104,Hiyokoi
1105,Given
1106,Love Live! Sunshine!!
1107,Kuroshitsuji: Book of Murder
1108,Gungrave
1109,Hunter x Hunter: Original Video Animation
1110,Dragon Ball Z Special 1: Tatta Hitori no Saishuu Kessen
1111,BNA
1112,Guilty Crown: Lost Christmas - An Episode of Port Town
1113,Naruto: Dai Katsugeki!! Yuki Hime Shinobu Houjou Dattebayo! - Konoha no Sato no Dai Undoukai
1114,Slayers
1115,Senjou no Valkyria
1116,Needless
1117,Shingeki! Kyojin Chuugakkou
1118,Enen no Shouboutai: Ni no Shou
1119,Nanatsu no Taizai OVA
1120,Bounen no Xamdou
1121,Kara no Kyoukai 8: Shuushou
1122,Fairy Tail: Final Series
1123,Final Fantasy VII: Last Order
1124,Mobile Suit Gundam SEED Destiny
1125,Mobile Suit Gundam: Iron-Blooded Orphans
1126,Tsuritama
1127,Naruto: Akaki Yotsuba no Clover wo Sagase
1128,Ushio to Tora (TV)
1129,Yagate Kimi ni Naru
1130,Cross Ange: Tenshi to Ryuu no Rondo
1131,Okusama ga Seitokaichou!+!
1132,High Score Girl
1133,Aku no Hana
1134,Kyoukai no Kanata: Shinonome
1135,Minami-ke Okawari
1136,Carole & Tuesday
1137,Mondaiji-tachi ga Isekai kara Kuru Sou Desu yo?: Onsen Manyuuki
1138,Zutto Mae kara Suki deshita.: Kokuhaku Jikkou Iinkai
1139,Aria the Animation
1140,Junketsu no Maria
1141,Haikyuu!!: Riku vs. Kuu
1142,Inu to Hasami wa Tsukaiyou
1143,Dragon Ball Z Special 2: Zetsubou e no Hankou!! Nokosareta Chousenshi - Gohan to Trunks
1144,Pokemon Movie 06: Nanayo no Negaiboshi Jirachi
1145,Black Blood Brothers
1146,Tsubasa: Tokyo Revelations
1147,Koe de Oshigoto! The Animation
1148,InuYasha Movie 2: Kagami no Naka no Mugenjo
1149,Youjo Senki Movie
1150,Violet Evergarden Gaiden: Eien to Jidou Shuki Ningyou
1151,Nanatsu no Taizai Movie 1: Tenkuu no Torawarebito
1152,Isekai Quartet 2
1153,Saint Seiya
1154,Boku no Kanojo ga Majimesugiru Sho-bitch na Ken
1155,Trinity Seven: Nanatsu no Taizai to Nana Madoushi
1156,Kaze ga Tsuyoku Fuiteiru
1157,Ai Yori Aoshi
1158,Karakai Jouzu no Takagi-san 2
1159,Seitokai Yakuindomo OVA
1160,Strawberry Panic
1161,Fairy Tail x Rave
1162,Seikimatsu Occult Gakuin
1163,Boku no Hero Academia: Training of the Dead
1164,Brothers Conflict
1165,Happy Sugar Life
1166,Oneechan ga Kita
1167,Hametsu no Mars
1168,Shokugeki no Souma: Ni no Sara OVA
1169,Net-juu no Susume Special
1170,WWW.Working!!
1171,Love Hina Christmas Special: Silent Eve
1172,Diamond no Ace
1173,Great Pretender
1174,Hatsukoi Limited.
1175,Shokugeki no Souma: Gou no Sara
1176,Aishiteruze Baby★★
1177,Pokemon Movie 10: Dialga vs. Palkia vs. Darkrai
1178,InuYasha Movie 1: Toki wo Koeru Omoi
1179,Ousama Game The Animation
1180,Shigatsu wa Kimi no Uso: Moments
1181,Mairimashita! Iruma-kun
1182,Re:␣Hamatora
1183,Isekai Shokudou
1184,Druaga no Tou: The Aegis of Uruk
1185,Doukyuusei (Movie)
1186,SKET Dance
1187,Shakugan no Shana S
1188,Nijiiro Days
1189,Maburaho
1190,Nichijou: Nichijou no 0-wa
1191,Mahou Shoujo Lyrical Nanoha
1192,Samurai 7
1193,Ao Haru Ride OVA
1194,Love Live! The School Idol Movie
1195,Kuroko no Basket: Tip Off
1196,Honzuki no Gekokujou: Shisho ni Naru Tame ni wa Shudan wo Erandeiraremasen
1197,Itsuka Tenma no Kuro Usagi
1198,Id:Invaded
1199,Hakushaku to Yousei
1200,Sankarea: Wagahai mo... Zombie de Aru...
1201,Occultic;Nine
1202,Eizouken ni wa Te wo Dasu na!
1203,Promare
1204,Fullmetal Alchemist: Premium Collection
1205,Working!!!: Lord of the Takanashi
1206,Tennis no Ouji-sama
1207,Uchuu Patrol Luluco
1208,Initial D Fourth Stage
1209,Pale Cocoon
1210,Space☆Dandy 2nd Season
1211,Baby Steps
1212,Kore ga Watashi no Goshujinsama
1213,Joukamachi no Dandelion
1214,The iDOLM@STER
1215,Hajime no Ippo: Mashiba vs. Kimura
1216,Otome Youkai Zakuro
1217,Fate/kaleid liner Prisma☆Illya 2wei Herz!
1218,One Piece Movie 2: Nejimaki-jima no Daibouken
1219,Break Blade 2: Ketsubetsu no Michi
1220,Yowamushi Pedal: Grande Road
1221,Zetman
1222,Kakumeiki Valvrave 2nd Season
1223,Pokemon Diamond & Pearl
1224,Natsume Yuujinchou Go
1225,Kimi no Iru Machi
1226,Kiniro no Corda: Primo Passo
1227,Poputepipikku
1228,Shingeki no Bahamut: Virgin Soul
1229,Assassins Pride
1230,Prince of Stride: Alternative
1231,Inu x Boku SS Special
1232,Shikabane Hime: Aka
1233,Senyuu.
1234,KimiKiss Pure Rouge
1235,Kure-nai
1236,Omoide Poroporo
1237,Uchouten Kazoku
1238,Girls Bravo: Second Season
1239,Afro Samurai: Resurrection
1240,To LOVE-Ru Darkness OVA
1241,Kanojo to Kanojo no Neko: Everything Flows
1242,Rurouni Kenshin: Meiji Kenkaku Romantan - Seisou-hen
1243,Chuunibyou demo Koi ga Shitai! Movie: Take On Me
1244,Yuru Yuri San☆Hai!
1245,Pokemon: Mewtwo! Ware wa Koko ni Ari
1246,Naruto Narutimate Hero 3: Tsuini Gekitotsu! Jounin vs. Genin!! Musabetsu Dairansen Taikai Kaisai!!
1247,Usagi Drop Specials
1248,One Piece Movie 4: Dead End no Bouken
1249,InuYasha Movie 3: Tenka Hadou no Ken
1250,Asura Cryin'
1251,Shiki Specials
1252,D.Gray-man Hallow
1253,Seihou Bukyou Outlaw Star
1254,Aggressive Retsuko (ONA)
1255,Hunter x Hunter Movie 2: The Last Mission
1256,Choujigen Game Neptune The Animation
1257,Kujira no Kora wa Sajou ni Utau
1258,Sidonia no Kishi: Daikyuu Wakusei Seneki
1259,Appleseed (Movie)
1260,School Rumble: Ichi Gakki Hoshuu
1261,Majo no Tabitabi
1262,Yuragi-sou no Yuuna-san
1263,Servamp
1264,Akudama Drive
1265,Digimon Adventure tri. 1: Saikai
1266,Kawaikereba Hentai demo Suki ni Natte Kuremasu ka?
1267,Code Geass: Fukkatsu no Lelouch
1268,Inferno Cop
1269,Sekai Seifuku: Bouryaku no Zvezda
1270,Tales of the Abyss
1271,Yu☆Gi☆Oh!: Hikari no Pyramid
1272,Tasogare Otome x Amnesia: Taima Otome
1273,Aki-Sora: Yume no Naka
1274,Midara na Ao-chan wa Benkyou ga Dekinai
1275,Shuumatsu no Izetta
1276,One Piece Movie 6: Omatsuri Danshaku to Himitsu no Shima
1277,Amagi Brilliant Park: Nonbirishiteiru Hima ga Nai!
1278,Gintama.: Porori-hen
1279,Princess Principal
1280,Flip Flappers
1281,Love Hina Haru Special: Kimi Sakura Chiru Nakare!!
1282,The Animatrix
1283,Bishoujo Senshi Sailor Moon SuperS
1284,Mahouka Koukou no Rettousei Movie: Hoshi wo Yobu Shoujo
1285,Gakuen Babysitters
1286,Grancrest Senki
1287,Trinity Seven Movie 1: Eternity Library to Alchemic Girl
1288,Saenai Heroine no Sodatekata ♭: Koi to Junjou no Service-kai
1289,Osake wa Fuufu ni Natte kara
1290,Deca-Dence
1291,A-Channel
1292,Shinmai Maou no Testament: Toujou Basara no Hard Sweet na Nichijou
1293,Tales of Zestiria the Cross 2nd Season
1294,Tejina-senpai
1295,Mitsudomoe
1296,Mahou Shoujo Ikusei Keikaku
1297,Isuca
1298,Boku no Hero Academia: Sukue! Kyuujo Kunren!
1299,InuYasha Movie 4: Guren no Houraijima
1300,Juuou Mujin no Fafnir
1301,Lupin III: Cagliostro no Shiro
1302,Shingeki no Kyojin: Lost Girls
1303,Steins;Gate: Soumei Eichi no Cognitive Computing
1304,Noblesse: Awakening
1305,Tonari no Kaibutsu-kun: Tonari no Gokudou-kun
1306,Denki-gai no Honya-san
1307,"Uchiage Hanabi, Shita kara Miru ka? Yoko kara Miru ka?"
1308,Michiko to Hatchin
1309,Eyeshield 21
1310,Break Blade 3: Kyoujin no Ato
1311,Chuunibyou demo Koi ga Shitai! Ren: The Rikka Wars
1312,Dog Days'
1313,Genshiken OVA
1314,Coppelion
1315,Air Movie
1316,Zettai Karen Children: The Unlimited - Hyoubu Kyousuke
1317,Rozen Maiden: Ouvertüre
1318,Hikaru no Go
1319,School Rumble San Gakki
1320,Fate/stay night: Unlimited Blade Works 2nd Season - Sunny Day
1321,xxxHOLiC Movie: Manatsu no Yoru no Yume
1322,Top wo Nerae! Gunbuster
1323,Minami-ke Okaeri
1324,Toaru Kagaku no Railgun: Misaka-san wa Ima Chuumoku no Mato Desu kara
1325,Shakugan no Shana Movie
1326,Saiki Kusuo no Ψ-nan: Kanketsu-hen
1327,Kimi ni Todoke 2nd Season: Kataomoi
1328,Seiren
1329,One Piece Movie 3: Chinjuu-jima no Chopper Oukoku
1330,Level E
1331,Berserk 2nd Season
1332,Nogizaka Haruka no Himitsu: Purezza
1333,One Piece Film: Gold
1334,Erementar Gerad
1335,Persona 3 the Movie 1: Spring of Birth
1336,Isekai Cheat Magician
1337,Nagasarete Airantou
1338,Vandread
1339,RDG: Red Data Girl
1340,ACCA: 13-ku Kansatsu-ka
1341,Hitoribocchi no Marumaru Seikatsu
1342,Bamboo Blade
1343,Sword Art Online II: Debriefing
1344,Kyoukai no Kanata Movie 1: I'll Be Here - Kako-hen
1345,Sakigake!! Cromartie Koukou
1346,K-On!: Ura-On!
1347,Hanebado!
1348,Somali to Mori no Kamisama
1349,Kaichou wa Maid-sama!: Goshujinsama to Asonjao♥
1350,Oniichan no Koto nanka Zenzen Suki ja Nai n da kara ne!!
1351,Sabage-bu!
1352,Danchigai
1353,Made in Abyss Movie 3: Fukaki Tamashii no Reimei
1354,Kino no Tabi: The Beautiful World - The Animated Series
1355,Bishoujo Senshi Sailor Moon: Sailor Stars
1356,Koukaku Kidoutai: Stand Alone Complex - Solid State Society
1357,Break Blade 4: Sanka no Chi
1358,Seikon no Qwaser II
1359,Kurokami The Animation
1360,Ao no Kanata no Four Rhythm
1361,"Ore, Twintail ni Narimasu."
1362,Golden Kamuy 2nd Season
1363,Himegoto
1364,Kara no Kyoukai: Mirai Fukuin
1365,Dogs: Bullets & Carnage
1366,Princess Tutu
1367,Kuroshitsuji II Specials
1368,Tokyo Mew Mew
1369,Giniro no Kami no Agito
1370,Kokkoku
1371,Denpa Onna to Seishun Otoko: Mayonaka no Taiyou
1372,GetBackers
1373,School Days: Valentine Days
1374,Casshern Sins
1375,Gintama.: Shirogane no Tamashii-hen
1376,Shinreigari
1377,Shinryaku!? Ika Musume
1378,Fate/Grand Order: Zettai Majuu Sensen Babylonia
1379,Kekkaishi (TV)
1380,Zoku Owarimonogatari
1381,Qualidea Code
1382,Bokura no
1383,One Piece Movie 5: Norowareta Seiken
1384,Tegamibachi
1385,Digimon Adventure: Bokura no War Game!
1386,Heppoko Jikken Animation Excel♥Saga
1387,Star Driver: Kagayaki no Takuto
1388,Onegai☆Teacher: Himitsu na Futari
1389,Vampire Hunter D
1390,Dareka no Manazashi
1391,Re:Zero kara Hajimeru Isekai Seikatsu - Hyouketsu no Kizuna
1392,Shouwa Genroku Rakugo Shinjuu: Sukeroku Futatabi-hen
1393,Break Blade 5: Shisen no Hate
1394,Fractale
1395,Fushigi Yuugi
1396,Strike Witches 2
1397,Mahou Shoujo Lyrical Nanoha A's
1398,Kyousou Giga (TV)
1399,Umi ga Kikoeru
1400,"Watashi ga Motenai no wa Dou Kangaetemo Omaera ga Warui!: Motenaishi, Nazomeite Miru"
1401,Ryuuou no Oshigoto!
1402,"Doukyonin wa Hiza, Tokidoki, Atama no Ue."
1403,Pokemon Movie 09: Pokemon Ranger to Umi no Ouji Manaphy
1404,Aiura
1405,"Maou-sama, Retry!"
1406,Fate/Extra: Last Encore
1407,Mushishi Zoku Shou: Odoro no Michi
1408,Shugo Chara!! Doki
1409,Code Geass: Boukoku no Akito 3 - Kagayaku Mono Ten yori Otsu
1410,Chobits: Chibits
1411,Gochuumon wa Usagi Desu ka??
1412,Candy Boy: Nonchalant Talk of the Certain Twin Sisters in Daily Life
1413,Triage X
1414,Gakuen Alice
1415,Metropolis
1416,Saki
1417,Bungou Stray Dogs: Dead Apple
1418,Sirius
1419,Natsume Yuujinchou Roku
1420,Nerawareta Gakuen
1421,Texhnolyze
1422,Pokemon Movie 11: Giratina to Sora no Hanataba Sheimi
1423,RahXephon
1424,Choujin Koukousei-tachi wa Isekai demo Yoyuu de Ikinuku you desu!
1425,Burn the Witch
1426,Yuuki Yuuna wa Yuusha de Aru
1427,xxxHOLiC Shunmuki
1428,Amagami SS: Tachibana Miya-hen - Imouto
1429,Cross Game
1430,Haikyuu!!: Lev Genzan!
1431,Boku no Hero Academia 2nd Season: Hero Note
1432,Rakuen Tsuihou
1433,Break Blade 6: Doukoku no Toride
1434,Walkure Romanze
1435,Steamboy
1436,Maken-Ki! Two
1437,Heisei Tanuki Gassen Ponpoko
1438,Fate/kaleid liner Prisma☆Illya 3rei!!
1439,Kimi to Boku. 2
1440,Saishuu Heiki Kanojo
1441,Ikkitousen: Dragon Destiny
1442,"Ore no Nounai Sentakushi ga, Gakuen Love Comedy wo Zenryoku de Jama Shiteiru OVA"
1443,Tsuujou Kougeki ga Zentai Kougeki de Ni-kai Kougeki no Okaasan wa Suki Desu ka?
1444,Higurashi no Naku Koro ni Kira
1445,Wolf's Rain OVA
1446,Jigoku Shoujo Mitsuganae
1447,Witch Hunter Robin
1448,High School DxD BorN: Yomigaeranai Fushichou
1449,Blame! Movie
1450,Orenchi no Furo Jijou
1451,Daitoshokan no Hitsujikai
1452,Yamada-kun to 7-nin no Majo: Mou Hitotsu no Suzaku-sai
1453,Mahouka Koukou no Rettousei: Raihousha-hen
1454,Interstella5555: The 5tory of The 5ecret 5tar 5ystem
1455,Dead Leaves
1456,Shoujo Kakumei Utena
1457,Kämpfer für die Liebe
1458,Dansai Bunri no Crime Edge
1459,Code Geass: Hangyaku no Lelouch - Nunnally in Wonderland
1460,Denpa Kyoushi (TV)
1461,Seto no Hanayome OVA
1462,Ueki no Housoku
1463,Dungeon ni Deai wo Motomeru no wa Machigatteiru Darou ka Movie: Orion no Ya
1464,Heroic Age
1465,Shigofumi
1466,Photokano
1467,Heavy Object
1468,One Piece Film: Strong World Episode 0
1469,Hourou Musuko
1470,Fugou Keiji: Balance:Unlimited
1471,World Trigger
1472,Major S1
1473,Air in Summer
1474,Mahou Shoujo Site
1475,Gintama: Nanigoto mo Saiyo ga Kanjin nano de Tasho Senobisuru Kurai ga Choudoyoi
1476,Inazuma Eleven
1477,Zan Sayonara Zetsubou Sensei
1478,Druaga no Tou: The Sword of Uruk
1479,R.O.D: Read or Die
1480,"Uchi no Ko no Tame naraba, Ore wa Moshikashitara Maou mo Taoseru kamo Shirenai."
1481,Itsudatte Bokura no Koi wa 10 cm Datta.
1482,Blade & Soul
1483,Shokugeki no Souma OVA
1484,Munou na Nana
1485,Witchblade
1486,Ranpo Kitan: Game of Laplace
1487,Goku Sayonara Zetsubou Sensei
1488,Kono Sekai no Katasumi ni
1489,Rikei ga Koi ni Ochita no de Shoumei shitemita.
1490,Dennou Coil
1491,Tales of Zestiria the Cross: Saiyaku no Jidai
1492,Divine Gate
1493,Kami nomi zo Shiru Sekai: Flag 0
1494,Ookamikakushi
1495,Baki
1496,Hataage! Kemono Michi
1497,Hetalia World Series
1498,Dragon Ball Kai (2014)
1499,Senryuu Shoujo
1500,Peach Girl
1501,Fairy Tail Movie 2: Dragon Cry
1502,Scrapped Princess
1503,Tenshi no Tamago
1504,Toaru Hikuushi e no Koiuta
1505,Kono Oto Tomare!
1506,R-15
1507,Cross Road
1508,Dragon Ball: Episode of Bardock
1509,Demi-chan wa Kataritai: Demi-chan no Natsuyasumi
1510,DRAMAtical Murder
1511,Juuni Kokuki
1512,Kamigami no Asobi
1513,Nagato Yuki-chan no Shoushitsu
1514,Ushio to Tora (TV) 2nd Season
1515,Uta no☆Prince-sama♪ Maji Love 2000%
1516,One Piece Movie 7: Karakuri-jou no Mecha Kyohei
1517,"""Bungaku Shoujo"" Movie"
1518,Chuunibyou demo Koi ga Shitai!: Depth of Field - Ai to Nikushimi Gekijou
1519,Sekirei: Hajimete no Otsukai
1520,Ibara no Ou
1521,Tsugumomo
1522,"Hachi-nan tte, Sore wa Nai deshou!"
1523,Aa! Megami-sama!: Sorezore no Tsubasa
1524,Shikabane Hime: Kuro
1525,Amaenaide yo!!
1526,Saiki Kusuo no Ψ-nan: Ψ-shidou-hen
1527,Ansatsu Kyoushitsu: Deai no Jikan
1528,Ichigo Mashimaro
1529,Nekojiru-sou
1530,Toaru Majutsu no Index III
1531,Ro-Kyu-Bu!
1532,Kill Me Baby
1533,Black★Rock Shooter
1534,Strike the Blood II
1535,Shikioriori
1536,Ao no Exorcist: Ura Ex
1537,Dagashi Kashi 2
1538,"Ima, Soko ni Iru Boku"
1539,Honzuki no Gekokujou: Shisho ni Naru Tame ni wa Shudan wo Erandeiraremasen 2nd Season
1540,Planetarian: Chiisana Hoshi no Yume
1541,Speed Grapher
1542,Sunabouzu
1543,Pokemon Movie 12: Arceus Choukoku no Jikuu e
1544,Tekkon Kinkreet
1545,Senki Zesshou Symphogear
1546,Killing Bites
1547,Hakuouki Hekketsuroku
1548,Netsuzou TRap
1549,Blood-C: The Last Dark
1550,Ginga Eiyuu Densetsu
1551,Cossette no Shouzou
1552,Kamisama Dolls
1553,Inugami-san to Nekoyama-san
1554,Granblue Fantasy The Animation
1555,Tenshi Kinryouku
1556,Murder Princess
1557,Toaru Majutsu no Index-tan
1558,Yami Shibai
1559,Tayutama: Kiss on My Deity
1560,Dragon Ball GT: Gokuu Gaiden! Yuuki no Akashi wa Suushinchuu
1561,Sakamoto Desu ga? Special
1562,Full Moon wo Sagashite
1563,Hanayamata
1564,X
1565,Gakkou no Kaidan
1566,Fukigen na Mononokean
1567,Noir
1568,Murenase! Seton Gakuen
1569,Mobile Suit Gundam 00 The Movie: A Wakening of the Trailblazer
1570,School Days: Magical Heart Kokoro-chan
1571,Kamisama ni Natta Hi
1572,Baby Steps 2nd Season
1573,Detective Conan Movie 01: The Timed Skyscraper
1574,Fruits Basket 2nd Season
1575,Kamisama Hajimemashita OVA
1576,Watashi ni Tenshi ga Maiorita!
1577,Natsuyuki Rendezvous
1578,Magi: Sinbad no Bouken
1579,Koukaku Kidoutai 2.0
1580,Muv-Luv Alternative: Total Eclipse
1581,Major S2
1582,Bungou Stray Dogs: Hitori Ayumu
1583,One Piece Movie 8: Episode of Alabasta - Sabaku no Oujo to Kaizoku-tachi
1584,Otome wa Boku ni Koishiteru
1585,Goblin Slayer: Goblin's Crown
1586,Diamond no Ace: Second Season
1587,Takanashi Rikka Kai: Chuunibyou demo Koi ga Shitai! Movie
1588,Udon no Kuni no Kiniro Kemari
1589,D-Frag!*
1590,D.C.: Da Capo
1591,"Naruto: Shippuuden - Shippuu! ""Konoha Gakuen"" Den"
1592,Yozakura Quartet
1593,Moyashimon
1594,Hanamaru Youchien
1595,Code Geass: Hangyaku no Lelouch Picture Drama
1596,Gintama.: Shirogane no Tamashii-hen - Kouhan-sen
1597,Tsubasa: Shunraiki
1598,Slayers Next
1599,Comic Girls
1600,Selector Spread WIXOSS
1601,Harmonie
1602,Gintama: Shiroyasha Koutan
1603,Touhai Densetsu Akagi: Yami ni Maiorita Tensai
1604,One Piece 3D2Y: Ace no shi wo Koete! Luffy Nakama Tono Chikai
1605,Kingdom
1606,Classroom☆Crisis
1607,.hack//Tasogare no Udewa Densetsu
1608,Sounan Desu ka?
1609,"Yondemasu yo, Azazel-san. (TV)"
1610,Hyakka Ryouran: Samurai Bride
1611,Osomatsu-san
1612,Mobile Suit Gundam
1613,Akatsuki no Yona OVA
1614,Hoozuki no Reitetsu
1615,Ai Yori Aoshi: Enishi
1616,Mobile Suit Gundam: Iron-Blooded Orphans 2nd Season
1617,Yuyushiki
1618,Hellsing: The Dawn
1619,Hakata Tonkotsu Ramens
1620,Inukami!
1621,Seitokai no Ichizon Lv.2
1622,Kurozuka
1623,Captain Tsubasa
1624,Chuunibyou demo Koi ga Shitai! Ren Lite
1625,Mushishi Zoku Shou: Suzu no Shizuku
1626,Aoi Hana
1627,s.CRY.ed
1628,Hidan no Aria: Butei ga Kitarite Onsen Kenshuu
1629,Kyoukaisenjou no Horizon II
1630,Shoujo-tachi wa Kouya wo Mezasu
1631,Boku wa Imouto ni Koi wo Suru
1632,Code Geass: Boukoku no Akito 4 - Nikushimi no Kioku kara
1633,Ookiku Furikabutte
1634,Boruto: Naruto the Movie - Naruto ga Hokage ni Natta Hi
1635,Tetsuwan Birdy Decode
1636,Vandread: The Second Stage
1637,Black Lagoon Omake
1638,Buddy Complex
1639,White Album
1640,Donten ni Warau
1641,Days (TV)
1642,"Dakara Boku wa, H ga Dekinai.: Mie Sugi! Mizugi Contest"
1643,Fairy Tail Movie 1: Houou no Miko - Hajimari no Asa
1644,Overlord: Ple Ple Pleiades
1645,Keppeki Danshi! Aoyama-kun
1646,Bakugan Battle Brawlers
1647,Koisuru Boukun
1648,Kannazuki no Miko
1649,Yuru Yuri Nachuyachumi!
1650,Hanasaku Iroha: Home Sweet Home
1651,Samurai Flamenco
1652,Memories
1653,Major S3
1654,Saint Seiya: The Lost Canvas - Meiou Shinwa
1655,Non Non Biyori: Okinawa e Ikukoto ni Natta
1656,Ookami to Koushinryou II: Holo no Short Anime
1657,Kuroshitsuji Movie: Book of the Atlantic
1658,Strike the Blood: Valkyria no Oukoku-hen
1659,Girls & Panzer Movie
1660,Aquarion Evol
1661,Queen's Blade: Rurou no Senshi
1662,Togainu no Chi
1663,Azumanga Daioh: Gekijou Tanpen
1664,Acchi Kocchi (TV): Place=Princess
1665,Gantz:O
1666,Clockwork Planet
1667,Asura Cryin' 2
1668,Tensei shitara Slime Datta Ken: Kanwa - Veldora Nikki
1669,"Love Hina: Motoko no Sentaku, Koi ka Ken... ""Naku na"""
1670,Top wo Nerae 2! Diebuster
1671,Tsubasa Chronicle: Tori Kago no Kuni no Himegimi
1672,Super Lovers
1673,Hakkenden: Touhou Hakken Ibun
1674,Ixion Saga DT
1675,Grisaia no Kajitsu Specials
1676,Oretachi ni Tsubasa wa Nai: Under the Innocent Sky.
1677,Bakuten Shoot Beyblade 2002
1678,Devils Line
1679,Sengoku Basara Ni
1680,Jyu Oh Sei
1681,Karas
1682,Tenjou Tenge: The Ultimate Fight
1683,Toaru Kagaku no Accelerator
1684,Mardock Scramble: The First Compression
1685,Kono Minikuku mo Utsukushii Sekai
1686,Makai Ouji: Devils and Realist
1687,Saint☆Oniisan
1688,Alice to Zouroku
1689,Phi Brain: Kami no Puzzle
1690,Sora no Otoshimono Final: Eternal My Master
1691,Saint☆Oniisan (Movie)
1692,Kirepapa.
1693,"Watashi, Nouryoku wa Heikinchi de tte Itta yo ne!"
1694,Natsume Yuujinchou: Itsuka Yuki no Hi ni
1695,Sacred Seven
1696,High School Fleet
1697,3D Kanojo: Real Girl 2nd Season
1698,Princess Connect! Re:Dive
1699,Yakitate!! Japan
1700,To LOVE-Ru Darkness 2nd Specials
1701,Garo: Honoo no Kokuin
1702,Petshop of Horrors
1703,Air Gear: Kuro no Hane to Nemuri no Mori - Break on the Sky
1704,Koi Kaze
1705,Escaflowne
1706,Shakugan no Shana: Koi to Onsen no Kougai Gakushuu!
1707,Kaiba
1708,Papa to Kiss in the Dark
1709,Ansatsu Kyoushitsu: Jump Festa 2013 Special
1710,Bishoujo Senshi Sailor Moon R: The Movie
1711,Senyuu. 2
1712,Initial D Fifth Stage
1713,Abenobashi Mahou☆Shoutengai
1714,Detective Conan Movie 06: The Phantom of Baker Street
1715,Kuroko no Basket NG-shuu
1716,Gyo
1717,Brotherhood: Final Fantasy XV
1718,"One Piece Movie 9: Episode of Chopper Plus - Fuyu ni Saku, Kiseki no Sakura"
1719,Major S4
1720,Princess Princess
1721,Recorder to Randoseru Do♪
1722,Himouto! Umaru-chan OVA
1723,xxxHOLiC Rou
1724,Sword Art Online: Sword Art Offline
1725,Chio-chan no Tsuugakuro
1726,UQ Holder!: Mahou Sensei Negima! 2
1727,Digimon Adventure tri. 2: Ketsui
1728,Higurashi no Naku Koro ni Kaku: Outbreak
1729,Akiba's Trip The Animation
1730,Shakugan no Shana-tan II (Second)
1731,Detective Conan Movie 03: The Last Wizard of the Century
1732,Mobile Suit Gundam: The 08th MS Team
1733,Chobits Recap
1734,Hello!! Kiniro Mosaic
1735,Shakugan no Shana-tan
1736,Dragon Ball Movie 1: Shen Long no Densetsu
1737,Carnival Phantasm EX Season
1738,Bikini Warriors
1739,Detective Conan Movie 02: The Fourteenth Target
1740,Ojisan to Marshmallow
1741,Yozakura Quartet: Hana no Uta
1742,Pokemon XY
1743,Love Live! Sunshine!! 2nd Season
1744,Mirai no Mirai
1745,Giant Killing
1746,Kamisama Hajimemashita: Kako-hen
1747,Tears to Tiara
1748,Senran Kagura
1749,Rurouni Kenshin: Meiji Kenkaku Romantan - Ishinshishi e no Chinkonka
1750,Comet Lucifer
1751,One Room
1752,Hayate no Gotoku!!: Atsu ga Natsuize - Mizugi-hen!
1753,Valkyrie Drive: Mermaid
1754,Schwarzesmarken
1755,Joshiraku
1756,Akaneiro ni Somaru Saka: Hardcore
1757,Hyakuren no Haou to Seiyaku no Valkyria
1758,11eyes: Momoiro Genmutan
1759,Fune wo Amu
1760,Rewrite 2nd Season
1761,Utawarerumono: Itsuwari no Kamen
1762,Air Gear Special
1763,Cuticle Tantei Inaba
1764,Gi(a)rlish Number
1765,Digimon Savers
1766,Sekaiichi Hatsukoi OVA
1767,Aria the Natural
1768,.hack//Roots
1769,Monster Musume no Iru Nichijou OVA
1770,Mahou Shoujo Lyrical Nanoha StrikerS
1771,Shigurui
1772,Kuroko no Basket: Saikou no Present Desu
1773,Psycho-Pass 3
1774,Oushitsu Kyoushi Heine
1775,Asa made Jugyou Chu!
1776,Kannagi: Moshimo Kannagi ga Attara...
1777,Eureka Seven AO
1778,Lord El-Melloi II Sei no Jikenbo: Rail Zeppelin Grace Note
1779,Sukitte Ii na yo.: Dareka ga
1780,Boogiepop wa Warawanai (2019)
1781,Amatsuki
1782,Dragon Ball: Ossu! Kaettekita Son Gokuu to Nakama-tachi!!
1783,Aria the Origination
1784,Kuromukuro
1785,IS: Infinite Stratos 2 - World Purge-hen
1786,Nisekoi: OVA
1787,Amagami SS OVA
1788,Groove Adventure Rave
1789,Baka to Test to Shoukanjuu: Mondai - Christmas ni Tsuite Kotae Nasai
1790,Konohana Kitan
1791,Kino no Tabi: The Beautiful World - Nanika wo Suru Tame ni - Life Goes On.
1792,Free!: Eternal Summer - Kindan no All Hard!
1793,Bakuretsu Tenshi
1794,Saiunkoku Monogatari
1795,Major S5
1796,R.O.D: The TV
1797,The Sky Crawlers
1798,Rozen Maiden (2013)
1799,"New Game!: Watashi, Shain Ryokou tte Hajimete nano de..."
1800,Yama no Susume
1801,Teekyuu
1802,Code Geass: Boukoku no Akito 5 - Itoshiki Mono-tachi e
1803,Hiiro no Kakera
1804,Mai-Otome
1805,Plunderer
1806,Mahoromatic: Automatic Maiden
1807,Mitsudomoe Zouryouchuu!
1808,Noein: Mou Hitori no Kimi e
1809,Papa no Iukoto wo Kikinasai!: Pokkapoka
1810,Sonic X
1811,Negima!?
1812,Biohazard: Degeneration
1813,"Diabolik Lovers More,Blood"
1814,Aa! Megami-sama!
1815,Back Street Girls: Gokudolls
1816,Toshokan Sensou
1817,Ikoku Meiro no Croisée The Animation
1818,BlazBlue: Alter Memory
1819,Upotte!!
1820,Mobile Suit Gundam Wing: Endless Waltz Movie
1821,100-man no Inochi no Ue ni Ore wa Tatteiru
1822,Sasami-san@Ganbaranai
1823,Uragiri wa Boku no Namae wo Shitteiru
1824,Hibike! Euphonium: Kakedasu Monaka
1825,Nekopara OVA
1826,Yu☆Gi☆Oh! 5D's
1827,Junjou Romantica 3
1828,Maria†Holic Alive
1829,Hoshiai no Sora
1830,Pokemon: Pichu to Pikachu
1831,Amaenaide yo!! Katsu!!
1832,Pokemon Best Wishes!
1833,Pokemon Movie 13: Genei no Hasha Zoroark
1834,Tonagura!
1835,Ikkitousen: Great Guardians
1836,Eromanga-sensei OVA
1837,Nanbaka 2
1838,Magic Kaito 1412
1839,Amanchu!
1840,Uchuu Kyoudai
1841,Bishoujo Senshi Sailor Moon Crystal
1842,Detective Conan Movie 04: Captured in Her Eyes
1843,Naruto: Honoo no Chuunin Shiken! Naruto vs. Konohamaru!!
1844,Momo e no Tegami
1845,Towa no Quon 1: Utakata no Kaben
1846,Koukyoushihen Eureka Seven: Pocket ga Niji de Ippai
1847,Shin Shirayuki-hime Densetsu Prétear
1848,Digimon Adventure 02: Diablomon no Gyakushuu
1849,Mirai Nikki (TV): Ura Mirai Nikki
1850,Kyou kara Maou!
1851,Nozoki Ana
1852,Persona 3 the Movie 2: Midsummer Knight's Dream
1853,One Piece: Yume no Soccer Ou!
1854,Persona 4 the Animation: No One is Alone
1855,Tonari no Seki-kun OVA
1856,Mikagura Gakuen Kumikyoku (TV)
1857,Slayers Try
1858,Uchi no Maid ga Uzasugiru!
1859,Detective Conan Movie 05: Countdown to Heaven
1860,Kingdom 2nd Season
1861,Vividred Operation
1862,30-sai no Hoken Taiiku
1863,Sakura Quest
1864,Kono Oto Tomare! 2nd Season
1865,Quanzhi Gaoshou Specials
1866,Yuri Kuma Arashi
1867,Kuroko no Basket: Baka ja Katenai no yo!
1868,Kaleido Star
1869,High School DxD Hero: Taiikukan-ura no Holy
1870,Tales of Symphonia The Animation: Sylvarant-hen
1871,Yuukoku no Moriarty
1872,Kamisama Kazoku
1873,Candy☆Boy: Side Story For Archive
1874,Persona 5 the Animation
1875,Grenadier: Hohoemi no Senshi
1876,Toaru Hikuushi e no Tsuioku
1877,Macross
1878,Love Live! School Idol Project OVA
1879,Seikaisuru Kado
1880,Dragonaut: The Resonance
1881,Tsukuyomi: Moon Phase
1882,Kyousou Giga
1883,Majimoji Rurumo
1884,Dragon Ball Movie 2: Majinjou no Nemurihime
1885,High Score Girl II
1886,Pandora Hearts Omake
1887,Terra Formars: Revenge
1888,Hidamari Sketch
1889,Sekirei: Pure Engagement Episode 0
1890,Aggressive Retsuko (ONA) 2nd Season
1891,Yoru wa Mijikashi Arukeyo Otome
1892,Initial D Final Stage
1893,Itou Junji: Collection
1894,Getsuyoubi no Tawawa
1895,Mikakunin de Shinkoukei: Kamoniku tte Midori-ppoi Aji ga Suru no ne.
1896,Shingeki no Kyojin Movie 1: Guren no Yumiya
1897,Urara Meirochou
1898,Aa! Megami-sama! Movie
1899,Gakuen Heaven
1900,Hyakko
1901,Minami-ke Tadaima
1902,No Guns Life
1903,Kashimashi: Girl Meets Girl
1904,Hello World
1905,Kidou Tenshi Angelic Layer
1906,Hitorijime My Hero
1907,Ushinawareta Mirai wo Motomete
1908,Nodame Cantabile: Finale - Mine to Kiyora no Saikai
1909,Freezing Specials
1910,Tokyo Majin Gakuen Kenpucho: Tou
1911,Arata Kangatari
1912,Luck & Logic
1913,Blassreiter
1914,Sousei no Aquarion
1915,Ikoku Irokoi Romantan
1916,Kaibutsu Oujo
1917,Uchuu Senkan Yamato 2199
1918,Bakemonogatari Recap
1919,Kanon
1920,Saraiya Goyou
1921,Ayakashi: Japanese Classic Horror
1922,"Kimi to Boku no Saigo no Senjou, Aruiwa Sekai ga Hajimaru Seisen"
1923,Boogiepop wa Warawanai
1924,Koukaku Kidoutai Arise: Ghost in the Shell - Border:1 Ghost Pain
1925,Chaos Dragon: Sekiryuu Seneki
1926,Okane ga Nai
1927,Gabriel DropOut Specials
1928,Akkun to Kanojo
1929,Fudanshi Koukou Seikatsu
1930,Sora no Method
1931,Galilei Donna
1932,Kiba
1933,Kanokon: Manatsu no Dai Shanikusai
1934,Magic Knight Rayearth
1935,Sasameki Koto
1936,Re:Zero kara Hajimeru Break Time
1937,ChäoS;Child
1938,Onegai☆Twins: Natsu wa Owaranai
1939,Fate/kaleid liner Prisma☆Illya: Undoukai de Dance!
1940,"Akagami no Shirayuki-hime: Nandemonai Takaramono, Kono Page"
1941,Tenchi Muyou!
1942,Suisei no Gargantia Specials
1943,Toaru Kagaku no Railgun: Motto Marutto Railgun
1944,Mary to Majo no Hana
1945,High Score Girl: Extra Stage
1946,Majin Tantei Nougami Neuro
1947,Kino no Tabi: The Beautiful World - Byouki no Kuni - For You
1948,"Hetalia Axis Powers Movie: Paint it, White"
1949,Gun x Sword
1950,Medarot
1951,Hitori no Shita: The Outcast
1952,Kimi no Iru Machi: Tasogare Kousaten
1953,Carnival Phantasm: Illya-jou
1954,Bishoujo Senshi Sailor Moon S: Kaguya-hime no Koibito
1955,Tales of Vesperia: The First Strike
1956,Koufuku Graffiti
1957,Sweat Punch
1958,Grappler Baki (TV)
1959,Nihon Chinbotsu 2020
1960,Tengen Toppa Gurren Lagann: Mitee Mono wa Miteen da!!
1961,Kakurenbo
1962,Shinigami no Ballad.
1963,Chihayafuru 3
1964,Gunnm
1965,Young Black Jack
1966,Kuroko no Basket: Oshaberi Shiyokka
1967,Mind Game
1968,World Destruction: Sekai Bokumetsu no Rokunin
1969,Samurai Deeper Kyou
1970,Ichiban Ushiro no Daimaou Specials
1971,One Piece: Episode of Nami - Koukaishi no Namida to Nakama no Kizuna
1972,The iDOLM@STER Cinderella Girls
1973,Nyoro-n Churuya-san
1974,Pokemon: Pikachu no Natsuyasumi
1975,Tegamibachi Reverse
1976,Ginban Kaleidoscope
1977,One Piece: Jango no Dance Carnival
1978,Bokura wa Minna Kawai-sou: Hajimete no
1979,Dragon Ball Movie 4: Saikyou e no Michi
1980,Kingsglaive: Final Fantasy XV
1981,Dance with Devils
1982,Nobunaga the Fool
1983,High School DxD BorN: Ishibumi Ichiei Kanzen Kanshuu! Mousou Bakuyou Kaijo Original Video
1984,Kowarekake no Orgel
1985,Komori-san wa Kotowarenai!
1986,One Piece: Romance Dawn Story
1987,Tengen Toppa Gurren Lagann: Kirameki★Yoko Box - Pieces of Sweet Stars
1988,Yami no Matsuei
1989,Major S6
1990,Gunslinger Girl: Il Teatrino
1991,Captain Herlock
1992,First Squad: The Moment of Truth
1993,Free!: Dive to the Future
1994,IS: Infinite Stratos 2 - Hitonatsu no Omoide
1995,Nyanko Days
1996,AkaKill! Gekijou
1997,Gintama°: Aizome Kaori-hen
1998,Emiya-san Chi no Kyou no Gohan
1999,All Out!!
2000,Ayashi no Ceres
2001,Rekka no Honoo
2002,Kuma Miko
2003,Rec: Yurusarezarumono
2004,Asobi ni Iku yo!: Asobi ni Oide
2005,Detective Conan Movie 08: Magician of the Silver Sky
2006,Dragon Ball Movie 3: Makafushigi Daibouken
2007,Kobayashi-san Chi no OO Dragon
2008,Hai to Gensou no Grimgar: Furoagari no Kabe ni Kaketa Seishun - One More Centimeter
2009,Monster Musume no Oishasan
2010,HaruChika: Haruta to Chika wa Seishun suru
2011,RideBack
2012,Appleseed Saga Ex Machina
2013,Miss Monochrome The Animation
2014,Suki ni Naru Sono Shunkan wo.: Kokuhaku Jikkou Iinkai
2015,Free!: FrFr - Short Movie
2016,Shinmai Maou no Testament Burst: Toujou Basara no Shigoku Heiwa na Nichijou
2017,Genshiken Nidaime
2018,Yu☆Gi☆Oh! (Movie)
2019,Runway de Waratte
2020,Super Danganronpa 2.5: Komaeda Nagito to Sekai no Hakaimono
2021,"Kono Naka ni Hitori, Imouto ga Iru!: Ani, Imouto, Koibito"
2022,Fullmetal Alchemist: Brotherhood - 4-Koma Theater
2023,Azumanga Web Daioh
2024,Anne Happy♪
2025,Rinne no Lagrange
2026,Maoujou de Oyasumi
2027,Sarazanmai
2028,Hayate no Gotoku! Can't Take My Eyes Off You
2029,Kuuchuu Buranko
2030,Mikakunin de Shinkoukei: Mite. Are ga Watashitachi no Tomatteiru Ryokan yo.
2031,Zombie-Loan Specials
2032,Yuru Yuri Nachuyachumi!+
2033,Fukumenkei Noise
2034,Toaru Kagaku no Railgun: Entenka no Satsuei Model mo Raku Ja Arimasen wa ne.
2035,Seitokaichou ni Chuukoku
2036,Dog Days''
2037,AKB0048
2038,Digimon Adventure tri. 3: Kokuhaku
2039,Nodame Cantabile: Nodame to Chiaki no Umi Monogatari
2040,Cop Craft
2041,Bakuten Shoot Beyblade G Revolution
2042,Pokemon XY&Z
2043,Hidan no Aria AA
2044,Mobile Suit Gundam Unicorn
2045,Ooyasan wa Shishunki!
2046,The Big O
2047,Noblesse
2048,Beelzebub: Hirotta Akachan wa Daimaou!?
2049,Babylon
2050,Steins;Gate 0: Kesshou Takei no Valentine - Bittersweet Intermedio
2051,One Piece 3D: Mugiwara Chase
2052,Saint Seiya: The Lost Canvas - Meiou Shinwa 2
2053,Gingitsune
2054,Soredemo Machi wa Mawatteiru
2055,Shuffle! Memories
2056,Sumomomo Momomo: Chijou Saikyou no Yome
2057,Koihime†Musou
2058,Hachimitsu to Clover Specials
2059,Machikado Mazoku
2060,Fumiko no Kokuhaku
2061,Koutetsujou no Kabaneri Movie 3: Unato Kessen
2062,Island
2063,Spiral: Suiri no Kizuna
2064,Mangaka-san to Assistant-san to The Animation Specials
2065,Mushibugyou
2066,Piano no Mori
2067,Green Green OVA
2068,Toaru Kagaku no Railgun T
2069,Break Blade
2070,Suki na Mono wa Suki Dakara Shou ga Nai!!
2071,Code Geass: Hangyaku no Lelouch Recaps
2072,One Piece Movie 14: Stampede
2073,Karakai Jouzu no Takagi-san: Water Slide
2074,Tennis no Ouji-sama: Zenkoku Taikai-hen
2075,Digimon Adventure 02 Movies
2076,Quanzhi Fashi
2077,Chu-Bra!!
2078,Liz to Aoi Tori
2079,Gaikotsu Shotenin Honda-san
2080,Fate/Grand Order: Zettai Majuu Sensen Babylonia - Initium Iter
2081,Naruto x UT
2082,Final Approach
2083,Kodomo no Jikan OVA
2084,Mouretsu Pirates
2085,Detective Conan Movie 07: Crossroad in the Ancient Capital
2086,Tengen Toppa Gurren Lagann: Parallel Works
2087,Blue Gender
2088,Nobunagun
2089,Bartender
2090,Tokkou
2091,"Ano Natsu de Matteru: Bokutachi wa Koukou Saigo no Natsu wo Sugoshinagara, Ano Natsu de Matteiru."
2092,Minami-ke Betsubara
2093,Persona 4 the Golden Animation
2094,Yuusha ni Narenakatta Ore wa Shibushibu Shuushoku wo Ketsui Shimashita. OVA
2095,Ragnarök The Animation
2096,Bananya
2097,Detective Conan Movie 10: Requiem of the Detectives
2098,Ueno-san wa Bukiyou
2099,Mobile Suit Zeta Gundam
2100,Konjiki no Gash Bell!!
2101,Kino no Tabi: The Beautiful World - Tou no Kuni - Free Lance
2102,Arte
2103,To LOVE-Ru Darkness 2nd OVA
2104,Peace Maker Kurogane
2105,Miru Tights
2106,Tetsuwan Birdy Decode:02
2107,"Gyakuten Saiban: Sono ""Shinjitsu"", Igi Ari!"
2108,Shisha no Teikoku
2109,Gunslinger Stratos The Animation
2110,Chihayafuru 2: Waga Miyo ni Furu Nagame Shima ni
2111,Saint Seiya: Meiou Hades Juuni Kyuu-hen
2112,Persona: Trinity Soul
2113,Mobile Fighter G Gundam
2114,Maria-sama ga Miteru
2115,Maken-Ki! OVA
2116,Fate/kaleid liner Prisma☆Illya Movie: Sekka no Chikai
2117,Lord El-Melloi II Sei no Jikenbo: Rail Zeppelin Grace Note - Hakamori to Neko to Majutsushi
2118,Cat Shit One
2119,Yu☆Gi☆Oh! Movie: Chou Yuugou! Toki wo Koeta Kizuna
2120,One Piece: Mezase! Kaizoku Yakyuu Ou
2121,Yami Shibai 2
2122,Honobono Log
2123,Mardock Scramble: The Second Combustion
2124,Rental Magica
2125,Mobile Suit Gundam 0080: War in the Pocket
2126,Shugo Chara! Party!
2127,Under the Dog
2128,Uma Musume: Pretty Derby (TV)
2129,Kyou no 5 no 2
2130,Heya Camp△
2131,Tsurune: Kazemai Koukou Kyuudoubu
2132,Tenchi Muyou! Ryououki
2133,Hakkenden: Touhou Hakken Ibun 2nd Season
2134,Tensei shitara Slime Datta Ken OVA
2135,Un-Go: Inga-ron
2136,Yume-iro Pâtissière
2137,Towa no Quon 2: Konton no Ranbu
2138,Gokukoku no Brynhildr: Kara Sawagi
2139,Fairy Tail OVA (2016)
2140,Astarotte no Omocha! EX
2141,Tonari no Kyuuketsuki-san
2142,Detective Conan Movie 13: The Raven Chaser
2143,Joshikousei no Mudazukai
2144,Sora no Manimani
2145,Kamikaze Kaitou Jeanne
2146,Peter Grill to Kenja no Jikan
2147,Kiniro no Corda: Secondo Passo
2148,Blade of the Immortal
2149,Tales of Zestiria: Doushi no Yoake
2150,Masamune-kun no Revenge OVA
2151,Mobile Suit Gundam Wing: Endless Waltz
2152,Full Metal Panic! Invisible Victory
2153,Harukana Receive
2154,Reikenzan: Hoshikuzu-tachi no Utage
2155,Magical☆Star Kanon 100%
2156,Godzilla 1: Kaijuu Wakusei
2157,Nazo no Kanojo X: Nazo no Natsu Matsuri
2158,Aura: Maryuuin Kouga Saigo no Tatakai
2159,Magia Record: Mahou Shoujo Madoka☆Magica Gaiden (TV)
2160,Baka to Test to Shoukanjuu Specials
2161,Area no Kishi
2162,High☆Speed!: Free! Starting Days
2163,Grisaia no Rakuen Specials
2164,Ani ni Tsukeru Kusuri wa Nai!
2165,School Days ONA
2166,Durarara!!x2 Shou: Watashi no Kokoro wa Nabe Moyou
2167,Gatchaman Crowds Insight
2168,Centaur no Nayami
2169,Mo Dao Zu Shi
2170,Puni Puni☆Poemii
2171,Kodomo no Jikan: Ni Gakki
2172,Ao no 6-gou
2173,Detective Conan Movie 09: Strategy Above the Depths
2174,Gravitation: Lyrics of Love
2175,Kyoukai no Rinne (TV)
2176,Binan Koukou Chikyuu Boueibu LOVE!
2177,Persona 5 the Animation: The Day Breakers
2178,Sunohara-sou no Kanrinin-san
2179,One Piece: Heart of Gold
2180,Queen's Blade: Gyokuza wo Tsugu Mono
2181,Hayate no Gotoku! Heaven Is a Place on Earth
2182,X/1999
2183,SoniAni: Super Sonico The Animation
2184,Shoujo Kakumei Utena: Adolescence Mokushiroku
2185,Lamune
2186,Infinite Dendrogram
2187,Senki Zesshou Symphogear G
2188,I My Me! Strawberry Eggs
2189,Candy Boy Episode: EX01 - Mirai Yohouzu
2190,Shichisei no Subaru
2191,Love Stage!!: Chotto ja Nakutte
2192,Rolling☆Girls
2193,Hajime no Ippo: Boxer no Kobushi
2194,Bus Gamer
2195,A.I.C.O.: Incarnation
2196,Captain Tsubasa: Road to 2002
2197,Naruto: The Cross Roads
2198,Kamen no Maid Guy
2199,Dragon Ball Z: Saiya-jin Zetsumetsu Keikaku
2200,Shounen Maid
2201,Kami-tachi ni Hirowareta Otoko
2202,Sin: Nanatsu no Taizai
2203,Chuunibyou demo Koi ga Shitai! Ren Specials
2204,Grisaia no Meikyuu: Caprice no Mayu 0 - Takizono Basketball Club no Nama Cream Party!
2205,One Piece: Episode of Luffy - Hand Island no Bouken
2206,Macross Zero
2207,Etotama
2208,Ore wo Suki nano wa Omae dake ka yo: Oretachi no Game Set
2209,Ichigo 100% OVA
2210,Detective Conan Movie 14: The Lost Ship in the Sky
2211,Gin no Guardian
2212,Shin Tennis no Ouji-sama
2213,Orange: Mirai
2214,Fullmetal Alchemist: Reflections
2215,Kenkou Zenrakei Suieibu Umishou
2216,Little Busters!: EX
2217,Panty & Stocking in Sanitarybox
2218,Koukaku Kidoutai Arise: Ghost in the Shell - Border:2 Ghost Whispers
2219,Bishoujo Senshi Sailor Moon SuperS: Sailor 9 Senshi Shuuketsu! Black Dream Hole no Kiseki
2220,Aria the OVA: Arietta
2221,Macademi Wasshoi!
2222,Kuroko no Basket: Mou Ikkai Yarimasen ka
2223,Kemono Friends
2224,Radiant
2225,Kuttsukiboshi
2226,Wizard Barristers: Benmashi Cecil
2227,Recorder to Randoseru Re♪
2228,Shingeki no Kyojin Picture Drama
2229,Girls & Panzer: Kore ga Hontou no Anzio-sen Desu!
2230,Boku no Hero Academia: Ikinokore! Kesshi no Survival Kunren
2231,Tamayura
2232,Gundam Build Fighters
2233,Over Drive
2234,Futari Ecchi
2235,Mermaid Melody Pichi Pichi Pitch
2236,Papa no Iukoto wo Kikinasai! OVA
2237,Hybrid Child
2238,Chi's Sweet Home
2239,Haiyore! Nyaruko-san F
2240,Brave Story
2241,Seisen Cerberus: Ryuukoku no Fatalités
2242,Escha & Logy no Atelier: Tasogare no Sora no Renkinjutsushi
2243,Kara no Kyoukai Remix: Gate of Seventh Heaven
2244,Stella Jogakuin Koutou-ka C³-bu
2245,Nekopara
2246,Re-Kan!
2247,Nana Maru San Batsu
2248,Full Metal Panic! The Second Raid Episode 00
2249,Mizu no Kotoba
2250,Towa no Quon 3: Mugen no Renza
2251,JoJo no Kimyou na Bouken
2252,Yu☆Gi☆Oh! The Dark Side of Dimensions
2253,Lupin III
2254,Yowamushi Pedal: New Generation
2255,Makai Senki Disgaea
2256,Okusama ga Seitokaichou!: Seitokaichou to Ofuro Asobi
2257,Mob Psycho 100: Dai Ikkai Rei toka Soudansho Ian Ryokou - Kokoro Mitasu Iyashi no Tabi
2258,Adachi to Shimamura
2259,Detective Conan Movie 12: Full Score of Fear
2260,Golden Kamuy 3rd Season
2261,Ginga Eiyuu Densetsu: Waga Yuku wa Hoshi no Taikai
2262,Detective Conan Movie 11: Jolly Roger in the Deep Azure
2263,Owari no Seraph: Kyuuketsuki Shahar
2264,Tennis no Ouji-sama: Zenkoku Taikai-hen - Semifinal
2265,K-On!!: Ura-On!!
2266,Sakurada Reset
2267,Saint Seiya: Meiou Hades Meikai-hen
2268,DearS: Kin no Tama Desu no?
2269,Metal Fight Beyblade
2270,Shingeki no Kyojin Movie 2: Jiyuu no Tsubasa
2271,Gokusen
2272,Hataraku Saibou: Kaze Shoukougun
2273,Wonderful Days
2274,Owaranai Seraph
2275,Oban Star-Racers
2276,Mob Psycho 100: Reigen - Shirarezaru Kiseki no Reinouryokusha
2277,Macross Plus
2278,Mitsuboshi Colors
2279,Ore ga Suki nano wa Imouto dakedo Imouto ja Nai
2280,Detroit Metal City: Birth of the Metal Devil
2281,Jinsei
2282,Hinako Note
2283,Macross: Do You Remember Love?
2284,Terra e... (TV)
2285,Pokemon Best Wishes! Season 2
2286,Asagao to Kase-san.
2287,Tenkuu Danzai Skelter+Heaven
2288,Cardcaptor Sakura: Kero-chan ni Omakase!
2289,Wasurenagumo
2290,Katsute Kami Datta Kemono-tachi e
2291,One Piece: Umi no Heso no Daibouken-hen
2292,Baby Princess 3D Paradise 0 [Love]
2293,Carnival Phantasm: HibiChika Special
2294,Halo Legends
2295,ef: A Tale of Memories. - Prologue
2296,GJ-bu@
2297,Ookiku Furikabutte: Natsu no Taikai-hen
2298,Kiddy Grade
2299,Lodoss-tou Senki
2300,Nodame Cantabile OVA
2301,Bloodivores
2302,Koi to Senkyo to Chocolate: Koi Imouto!
2303,Versailles no Bara
2304,Miira no Kaikata
2305,Sword Art Online: Sword Art Offline - Extra Edition
2306,Musaigen no Phantom World: Mizutama no Kiseki
2307,Animegataris
2308,Hetalia: The Beautiful World
2309,Tight-rope
2310,Momokuri
2311,Yamada-kun to 7-nin no Majo
2312,Kiniro no Corda: Primo Passo - Hitonatsu no Encore
2313,Nodame Cantabile: Finale OVA
2314,Kara no Kyoukai: Mirai Fukuin - Extra Chorus
2315,Holy Knight
2316,Overlord: Ple Ple Pleiades - Nazarick Saidai no Kiki
2317,Mahou Shoujo Lyrical Nanoha: The Movie 1st
2318,CLAMP in Wonderland 2
2319,Ginga Eiyuu Densetsu: Die Neue These - Kaikou
2320,"Yondemasu yo, Azazel-san. Z"
2321,Cardcaptor Sakura: Clear Card-hen
2322,Naruto Soyokazeden Movie: Naruto to Mashin to Mitsu no Onegai Dattebayo!!
2323,Macross F Movie 1: Itsuwari no Utahime
2324,Shounen Onmyouji
2325,Fate/stay night TV Reproduction
2326,Teekyuu 2
2327,On Your Mark
2328,Piano no Mori (TV)
2329,Strike Witches Movie
2330,Psycho-Pass: Sinners of the System Case.1 - Tsumi to Bachi
2331,Aoi Sekai no Chuushin de
2332,One Piece: Taose! Kaizoku Ganzack
2333,Kimi ga Nozomu Eien: Next Season
2334,White Album 2nd Season
2335,Uchouten Kazoku 2
2336,Fate/kaleid liner Prisma☆Illya Specials
2337,Ginga Kikoutai Majestic Prince
2338,Paniponi Dash!
2339,Namiuchigiwa no Muromi-san
2340,Towa no Quon 4: Guren no Shoushin
2341,Himouto! Umaru-chanS
2342,Batman: Gotham Knight
2343,Digimon Adventure tri. 4: Soushitsu
2344,Wakako-zake
2345,Genei wo Kakeru Taiyou
2346,Chain Chronicle: Haecceitas no Hikari
2347,Ai no Kusabi
2348,Seikai no Monshou
2349,Pokemon Movie 14 White: Victini to Kuroki Eiyuu Zekrom
2350,Accel World: Acchel World.
2351,D.C.S.S: Da Capo Second Season
2352,Hinomaruzumou
2353,Tennis no Ouji-sama: Zenkoku Taikai-hen - Final
2354,Tonari no Seki-kun Specials
2355,Bayonetta: Bloody Fate
2356,Hitsugi no Chaika OVA
2357,Hatenkou Yuugi
2358,Candy Boy Episode: EX02 - Shiawase Kyouyuu Riron
2359,Persona 3 the Movie 3: Falling Down
2360,Gunjou no Magmell
2361,Kamisama no Inai Nichiyoubi: Kioku
2362,Kemeko Deluxe!
2363,Kamichu!
2364,One Piece: Nenmatsu Tokubetsu Kikaku! Mugiwara no Luffy Oyabun Torimonochou
2365,Phantasy Star Online 2 The Animation
2366,Akuma no Riddle: Shousha wa Dare? Nukiuchi Test
2367,Fate/Extra: Last Encore - Illustrias Tendousetsu
2368,Accel World: Infinite∞Burst
2369,Bakugan Battle Brawlers: New Vestroia
2370,Mobile Suit Gundam: Char's Counterattack
2371,HenSemi (TV)
2372,Nisekoimonogatari
2373,Dies Irae
2374,Sekaiichi Hatsukoi Movie: Yokozawa Takafumi no Baai
2375,Wakaba*Girl
2376,Concrete Revolutio: Choujin Gensou
2377,Sekkou Boys
2378,Terra Formars: Bugs 2-hen
2379,Ladies versus Butlers! Specials
2380,Zero no Tsukaima: Princesses no Rondo Picture Drama
2381,Dragon Ball Kai: Mirai ni Heiwa wo! Goku no Tamashii yo Eien ni
2382,Nobunaga Concerto
2383,D.C.II: Da Capo II
2384,One Piece: Straw Hat Theater
2385,DNA²
2386,Futakoi
2387,Ookami Shoujo to Kuro Ouji: Gishinanki – Happening Kiss
2388,Aa! Megami-sama! (TV) Specials
2389,BanG Dream!
2390,Tonari no Yamada-kun
2391,Doujin Work
2392,.hack//Quantum
2393,Towa no Quon 5: Souzetsu no Raifuku
2394,MM! Specials
2395,Boku no Hero Academia the Movie: Futari no Hero Specials
2396,Nogizaka Haruka no Himitsu: Finale
2397,Tengen Toppa Gurren Lagann Movie Zenyasai: Viral no Amai Yume
2398,Ikkitousen: Xtreme Xecutor
2399,Mahou Shoujo Sonico★Magica
2400,"""Bungaku Shoujo"" Memoire"
2401,Manyuu Hikenchou
2402,Towa no Quon 6: Towa no Quon
2403,Yoake Mae yori Ruriiro na: Crescent Love
2404,Bakuon!!
2405,Mahoromatic: Motto Utsukushii Mono
2406,So Ra No Wo To Specials
2407,Shakugan no Shana-tan Movie
2408,Night Wizard
2409,Love Hina Final Selection
2410,"Wake Up, Girls!"
2411,Initial D Extra Stage
2412,"91 Days: Toki no Asase/Subete no Kinou/Ashita, Mata Ashita"
2413,Azur Lane
2414,C³: Rikan Gakkou Confusion!
2415,Code Geass: Hangyaku no Lelouch R2 Picture Drama
2416,Hanasakeru Seishounen
2417,Kubikiri Cycle: Aoiro Savant to Zaregototsukai
2418,Kengan Ashura
2419,God Eater Prologue
2420,Tokimeki Memorial: Only Love
2421,Shitcom
2422,Shonan Junai Gumi!
2423,Naruto: Shippuuden - Sunny Side Battle
2424,Show By Rock!!
2425,Sansha Sanyou
2426,Fairy Gone
2427,JoJo no Kimyou na Bouken: Adventure
2428,Hokuto no Ken
2429,Fortune Arterial: Akai Yakusoku - Tadoritsuita Basho
2430,Shangri-La
2431,Monster Farm: Enbanseki no Himitsu
2432,Hoshizora e Kakaru Hashi: Kakaru ka? Gakuensai ni Koi no Hashi
2433,Kakuriyo no Yadomeshi
2434,Baki: Dai Raitaisai-hen
2435,Mardock Scramble: The Third Exhaust
2436,Bubuki Buranki
2437,Detective Conan Movie 15: Quarter of Silence
2438,"Katekyo Hitman Reborn! Vongola Family Soutoujou! Vongola Shiki Shuugakuryokou, Kuru!!"
2439,Monochrome Factor
2440,Noblesse: Pamyeol-ui Sijak
2441,Higurashi no Naku Koro ni Kai Specials
2442,Jashin-chan Dropkick
2443,Grappler Baki: Saidai Tournament-hen
2444,Natsu-iro Kiseki
2445,Captain Earth
2446,Super Lovers 2
2447,Hayate no Gotoku! Cuties
